id,percentage_column,bst_time,day_of_week,current_date_bst,temperature,humidity,chance_of_rain,wind
25,9,1196,4,2024-08-30,8,80,7,6
26,9,1201,4,2024-08-30,8,80,7,6
27,9,1231,4,2024-08-30,8,83,7,4
28,0,1251,4,2024-08-30,8,84,7,4
29,0,1291,4,2024-08-30,8,84,7,4
30,0,1311,4,2024-08-30,8,84,7,3
31,0,391,5,2024-08-31,17,74,3,16
32,0,411,5,2024-08-31,17,74,3,16
33,0,451,5,2024-08-31,17,71,3,16
34,1,471,5,2024-08-31,17,71,3,16
35,5,511,5,2024-08-31,17,70,3,15
36,5,531,5,2024-08-31,17,70,3,15
37,12,571,5,2024-08-31,17,70,3,15
38,12,591,5,2024-08-31,17,70,3,15
39,8,631,5,2024-08-31,17,68,3,15
40,8,651,5,2024-08-31,17,68,3,15
41,21,691,5,2024-08-31,17,66,2,15
42,18,711,5,2024-08-31,17,66,2,15
43,12,751,5,2024-08-31,18,62,2,15
44,8,771,5,2024-08-31,18,63,2,15
45,5,811,5,2024-08-31,19,63,2,15
46,7,831,5,2024-08-31,18,63,2,16
47,5,871,5,2024-08-31,18,69,2,17
48,5,891,5,2024-08-31,18,69,2,16
49,5,931,5,2024-08-31,11,83,8,16
50,8,951,5,2024-08-31,11,83,8,16
51,5,991,5,2024-08-31,11,84,8,16
52,5,1011,5,2024-08-31,11,84,8,16
53,5,1051,5,2024-08-31,11,84,8,15
54,4,1071,5,2024-08-31,11,85,8,15
55,5,1111,5,2024-08-31,11,86,8,14
56,9,1131,5,2024-08-31,11,86,8,14
57,5,1171,5,2024-08-31,11,89,13,12
58,5,1191,5,2024-08-31,11,89,13,12
59,5,1231,5,2024-08-31,11,91,13,9
60,3,1251,5,2024-08-31,11,91,13,9
61,0,1266,5,2024-08-31,11,91,13,10
62,0,1285,5,2024-08-31,11,91,13,10
63,0,1305,5,2024-08-31,11,91,13,9
64,0,365,6,2024-09-01,16,83,22,16
65,0,385,6,2024-09-01,16,83,22,16
66,0,405,6,2024-09-01,16,83,22,16
67,0,425,6,2024-09-01,16,83,22,16
68,0,445,6,2024-09-01,16,80,22,16
69,0,466,6,2024-09-01,16,80,24,16
70,0,485,6,2024-09-01,16,80,24,16
71,9,506,6,2024-09-01,15,79,32,16
72,14,526,6,2024-09-01,16,79,36,16
73,12,546,6,2024-09-01,16,79,36,16
74,14,565,6,2024-09-01,16,78,48,16
75,15,585,6,2024-09-01,16,77,49,16
76,12,606,6,2024-09-01,16,77,30,17
77,15,626,6,2024-09-01,16,77,30,17
78,17,645,6,2024-09-01,16,77,30,17
79,18,665,6,2024-09-01,16,77,30,17
80,18,685,6,2024-09-01,16,78,24,17
81,15,705,6,2024-09-01,16,78,30,17
82,15,726,6,2024-09-01,16,78,24,17
83,9,745,6,2024-09-01,15,79,22,16
84,11,765,6,2024-09-01,15,79,22,16
85,8,786,6,2024-09-01,16,80,21,16
86,10,805,6,2024-09-01,15,82,16,14
87,12,826,6,2024-09-01,15,81,16,14
88,10,846,6,2024-09-01,15,82,16,14
89,9,866,6,2024-09-01,15,82,16,14
90,9,885,6,2024-09-01,15,82,16,14
91,10,905,6,2024-09-01,13,92,62,13
92,13,926,6,2024-09-01,13,92,65,12
93,15,945,6,2024-09-01,13,92,62,13
94,18,965,6,2024-09-01,13,92,62,13
95,19,985,6,2024-09-01,13,92,62,13
96,17,1005,6,2024-09-01,13,94,62,11
97,16,1026,6,2024-09-01,13,94,64,11
98,14,1046,6,2024-09-01,13,94,69,11
99,13,1066,6,2024-09-01,13,94,69,11
100,11,1086,6,2024-09-01,13,95,83,11
101,11,1105,6,2024-09-01,13,95,83,13
102,10,1125,6,2024-09-01,13,95,93,12
103,15,1146,6,2024-09-01,13,95,93,12
104,14,1166,6,2024-09-01,13,96,93,11
105,17,1185,6,2024-09-01,13,96,94,11
106,15,1205,6,2024-09-01,13,96,96,11
107,14,1225,6,2024-09-01,13,96,96,11
108,12,1245,6,2024-09-01,13,97,96,9
109,4,1265,6,2024-09-01,13,97,97,9
110,1,1285,6,2024-09-01,13,97,97,9
111,1,1306,6,2024-09-01,13,97,94,7
112,1,365,0,2024-09-02,17,92,65,10
113,2,386,0,2024-09-02,17,92,64,10
114,5,406,0,2024-09-02,17,93,71,10
115,9,425,0,2024-09-02,17,93,71,10
116,10,445,0,2024-09-02,17,93,75,10
117,13,465,0,2024-09-02,17,93,63,10
118,14,485,0,2024-09-02,17,92,77,10
119,15,505,0,2024-09-02,17,92,77,10
120,15,525,0,2024-09-02,17,92,85,10
121,14,545,0,2024-09-02,17,92,86,9
122,19,565,0,2024-09-02,17,92,90,11
123,20,585,0,2024-09-02,17,92,90,11
124,18,605,0,2024-09-02,17,92,93,11
125,17,625,0,2024-09-02,17,93,95,10
126,9,645,0,2024-09-02,17,93,95,10
127,8,666,0,2024-09-02,17,92,82,10
128,10,686,0,2024-09-02,17,91,64,9
129,10,705,0,2024-09-02,17,91,64,9
130,8,725,0,2024-09-02,17,91,69,8
131,8,745,0,2024-09-02,17,92,37,7
132,6,765,0,2024-09-02,17,92,37,7
133,7,786,0,2024-09-02,17,94,35,7
134,12,806,0,2024-09-02,17,94,35,7
135,6,825,0,2024-09-02,17,95,35,7
136,8,845,0,2024-09-02,17,93,38,7
137,8,865,0,2024-09-02,17,96,20,7
138,11,885,0,2024-09-02,17,96,24,7
139,13,905,0,2024-09-02,17,96,24,7
140,15,925,0,2024-09-02,9,92,70,10
141,17,945,0,2024-09-02,9,92,70,10
142,22,965,0,2024-09-02,9,92,70,10
143,22,985,0,2024-09-02,9,92,45,11
144,14,1005,0,2024-09-02,9,92,45,11
145,19,1025,0,2024-09-02,9,92,39,11
146,16,1045,0,2024-09-02,9,92,46,11
147,8,1065,0,2024-09-02,9,92,46,11
148,15,1085,0,2024-09-02,9,92,45,11
149,21,1106,0,2024-09-02,9,92,47,10
150,15,1125,0,2024-09-02,8,92,86,11
151,12,1146,0,2024-09-02,8,92,35,12
152,4,1166,0,2024-09-02,8,92,35,12
153,4,1185,0,2024-09-02,8,92,42,12
154,1,1205,0,2024-09-02,8,92,62,12
155,0,1225,0,2024-09-02,8,92,76,14
156,1,1246,0,2024-09-02,8,92,83,14
157,1,1266,0,2024-09-02,8,92,97,11
158,0,1285,0,2024-09-02,8,94,35,11
159,0,1305,0,2024-09-02,8,94,35,11
160,3,365,1,2024-09-03,18,76,22,14
161,5,385,1,2024-09-03,18,76,15,14
162,12,405,1,2024-09-03,18,76,22,14
163,18,425,1,2024-09-03,18,75,12,14
164,23,445,1,2024-09-03,18,74,12,14
165,25,466,1,2024-09-03,18,75,12,14
166,15,485,1,2024-09-03,18,75,15,14
167,16,505,1,2024-09-03,18,74,9,14
168,18,525,1,2024-09-03,18,74,15,14
169,14,545,1,2024-09-03,18,72,11,14
170,11,565,1,2024-09-03,17,72,12,14
171,14,585,1,2024-09-03,17,72,12,14
172,14,605,1,2024-09-03,17,71,12,14
173,19,625,1,2024-09-03,17,71,12,14
174,23,645,1,2024-09-03,18,69,10,15
175,16,665,1,2024-09-03,18,71,8,14
176,17,685,1,2024-09-03,18,71,8,14
177,19,705,1,2024-09-03,18,70,8,14
178,18,726,1,2024-09-03,18,70,8,14
179,23,745,1,2024-09-03,17,70,4,14
180,20,766,1,2024-09-03,17,70,4,14
181,15,785,1,2024-09-03,17,70,6,14
182,13,805,1,2024-09-03,17,71,3,14
183,5,825,1,2024-09-03,17,71,3,14
184,2,846,1,2024-09-03,18,71,2,15
185,0,865,1,2024-09-03,18,71,2,15
186,9,885,1,2024-09-03,18,71,8,15
187,6,906,1,2024-09-03,17,71,13,14
188,18,925,1,2024-09-03,17,71,13,14
189,15,945,1,2024-09-03,6,83,20,14
190,15,965,1,2024-09-03,6,83,20,14
191,15,986,1,2024-09-03,6,84,19,12
192,18,1005,1,2024-09-03,6,85,24,12
193,17,1025,1,2024-09-03,6,85,21,12
194,14,1045,1,2024-09-03,6,85,20,12
195,14,1065,1,2024-09-03,6,86,34,10
196,10,1085,1,2024-09-03,6,86,34,10
197,16,1106,1,2024-09-03,6,87,20,13
198,23,1125,1,2024-09-03,6,87,20,13
199,27,1145,1,2024-09-03,6,87,31,13
200,26,1165,1,2024-09-03,6,87,31,13
201,16,1185,1,2024-09-03,6,88,48,9
202,15,1206,1,2024-09-03,6,88,48,9
203,13,1225,1,2024-09-03,6,89,38,9
204,10,1246,1,2024-09-03,6,90,23,9
205,0,1266,1,2024-09-03,6,91,30,8
206,0,1286,1,2024-09-03,6,91,30,8
207,1,1305,1,2024-09-03,6,91,24,7
208,0,365,2,2024-09-04,16,82,24,14
209,0,385,2,2024-09-04,16,82,24,14
210,5,405,2,2024-09-04,16,82,24,13
211,12,426,2,2024-09-04,16,82,24,13
212,15,445,2,2024-09-04,16,81,24,13
213,21,465,2,2024-09-04,16,81,24,13
214,15,485,2,2024-09-04,16,80,24,13
215,12,505,2,2024-09-04,16,80,16,13
216,15,526,2,2024-09-04,16,80,24,13
217,10,546,2,2024-09-04,16,80,16,13
218,11,566,2,2024-09-04,16,80,16,13
219,15,585,2,2024-09-04,16,78,24,13
220,22,605,2,2024-09-04,15,78,16,13
221,15,625,2,2024-09-04,15,77,34,12
222,13,645,2,2024-09-04,16,77,33,13
223,22,665,2,2024-09-04,16,77,33,13
224,27,686,2,2024-09-04,15,79,17,12
225,27,705,2,2024-09-04,16,78,18,12
226,28,725,2,2024-09-04,15,77,12,12
227,25,745,2,2024-09-04,15,77,10,12
228,26,766,2,2024-09-04,15,78,10,11
229,20,785,2,2024-09-04,15,78,21,11
230,14,805,2,2024-09-04,15,83,13,12
231,10,825,2,2024-09-04,15,83,13,12
232,10,845,2,2024-09-04,15,82,9,12
233,10,865,2,2024-09-04,15,81,47,12
234,19,885,2,2024-09-04,15,81,47,12
235,16,905,2,2024-09-04,15,83,47,13
236,24,925,2,2024-09-04,11,89,31,14
237,22,945,2,2024-09-04,11,88,15,13
238,19,965,2,2024-09-04,11,88,15,13
239,21,985,2,2024-09-04,11,87,12,13
240,12,1005,2,2024-09-04,11,89,15,14
241,21,1025,2,2024-09-04,10,87,11,13
242,20,1045,2,2024-09-04,10,87,11,12
243,23,1065,2,2024-09-04,11,87,9,11
244,18,1086,2,2024-09-04,11,87,9,11
245,17,1105,2,2024-09-04,11,87,9,11
246,20,1125,2,2024-09-04,11,88,9,13
247,24,1145,2,2024-09-04,11,88,7,12
248,21,1165,2,2024-09-04,11,88,7,12
249,15,1186,2,2024-09-04,11,90,7,11
250,15,1205,2,2024-09-04,11,89,7,11
251,9,1225,2,2024-09-04,11,89,7,11
252,5,1245,2,2024-09-04,11,89,7,11
253,0,1265,2,2024-09-04,11,89,7,10
254,1,1285,2,2024-09-04,11,89,7,10
255,0,1305,2,2024-09-04,11,87,6,9
256,3,365,3,2024-09-05,18,78,6,17
257,3,385,3,2024-09-05,18,78,6,17
258,8,405,3,2024-09-05,18,78,5,17
259,10,425,3,2024-09-05,18,77,5,17
260,15,445,3,2024-09-05,18,77,5,17
261,15,465,3,2024-09-05,18,77,5,18
262,13,485,3,2024-09-05,18,77,5,18
263,10,505,3,2024-09-05,18,77,5,18
264,6,525,3,2024-09-05,18,77,5,18
265,6,545,3,2024-09-05,18,76,5,18
266,11,565,3,2024-09-05,18,75,5,18
267,13,585,3,2024-09-05,18,76,5,18
268,19,605,3,2024-09-05,18,75,5,17
269,19,625,3,2024-09-05,18,75,5,17
270,17,645,3,2024-09-05,18,75,5,17
271,15,665,3,2024-09-05,18,75,5,17
272,15,685,3,2024-09-05,18,74,3,17
273,12,705,3,2024-09-05,18,74,3,17
274,12,726,3,2024-09-05,18,74,3,17
276,12,745,3,2024-09-05,18,74,2,17
277,12,751,3,2024-09-05,18,74,3,17
278,12,765,3,2024-09-05,18,74,2,17
279,7,778,3,2024-09-05,18,75,2,17
280,7,785,3,2024-09-05,18,74,2,17
281,10,805,3,2024-09-05,18,74,2,17
282,14,825,3,2024-09-05,18,75,2,17
283,5,845,3,2024-09-05,18,74,2,17
284,10,865,3,2024-09-05,18,74,2,17
285,5,885,3,2024-09-05,19,73,2,15
286,8,905,3,2024-09-05,19,74,2,16
287,4,925,3,2024-09-05,14,85,9,16
288,2,946,3,2024-09-05,14,86,9,16
289,1,965,3,2024-09-05,14,87,9,16
290,4,986,3,2024-09-05,14,87,9,16
291,5,1005,3,2024-09-05,14,88,9,17
292,5,1025,3,2024-09-05,14,87,9,17
293,6,1046,3,2024-09-05,14,88,9,14
294,8,1066,3,2024-09-05,14,88,9,14
295,8,1085,3,2024-09-05,14,89,9,14
296,15,1105,3,2024-09-05,14,89,9,14
297,12,1125,3,2024-09-05,14,88,9,14
298,12,1145,3,2024-09-05,13,90,9,13
299,3,1165,3,2024-09-05,13,90,9,13
300,1,1185,3,2024-09-05,13,91,9,12
301,2,1205,3,2024-09-05,13,90,9,12
302,1,1225,3,2024-09-05,13,91,9,11
303,0,1246,3,2024-09-05,13,91,9,11
304,0,1265,3,2024-09-05,13,91,9,11
305,2,1285,3,2024-09-05,13,91,9,11
306,2,1306,3,2024-09-05,13,92,9,11
307,2,365,4,2024-09-06,19,86,7,14
308,0,385,4,2024-09-06,19,83,7,14
309,7,405,4,2024-09-06,19,84,7,14
310,14,425,4,2024-09-06,19,83,7,15
311,21,445,4,2024-09-06,19,83,7,15
312,22,465,4,2024-09-06,19,81,7,14
313,19,485,4,2024-09-06,20,80,7,14
314,14,505,4,2024-09-06,19,82,7,15
315,9,525,4,2024-09-06,19,82,7,15
316,12,545,4,2024-09-06,19,80,7,14
317,16,565,4,2024-09-06,19,82,7,15
318,21,585,4,2024-09-06,19,82,7,15
319,20,605,4,2024-09-06,19,82,7,15
320,17,625,4,2024-09-06,19,79,7,14
321,19,645,4,2024-09-06,18,79,7,14
322,19,665,4,2024-09-06,18,80,7,14
323,18,685,4,2024-09-06,18,80,7,14
325,17,705,4,2024-09-06,18,80,4,14
326,30,725,4,2024-09-06,18,79,3,13
327,32,745,4,2024-09-06,18,81,3,15
328,32,765,4,2024-09-06,18,80,3,13
329,32,785,4,2024-09-06,18,80,3,13
330,26,805,4,2024-09-06,19,79,3,15
331,22,825,4,2024-09-06,18,80,3,15
332,14,845,4,2024-09-06,19,80,3,17
333,9,865,4,2024-09-06,19,79,3,16
334,14,885,4,2024-09-06,19,79,3,16
335,15,905,4,2024-09-06,12,91,21,15
336,23,926,4,2024-09-06,19,79,3,16
337,22,945,4,2024-09-06,12,90,19,13
338,23,965,4,2024-09-06,12,90,19,13
339,22,985,4,2024-09-06,12,93,22,14
340,17,1006,4,2024-09-06,12,94,21,13
341,19,1025,4,2024-09-06,12,94,21,13
342,20,1045,4,2024-09-06,12,94,21,12
343,16,1065,4,2024-09-06,12,94,21,12
344,14,1085,4,2024-09-06,12,94,21,12
345,9,1106,4,2024-09-06,12,94,21,12
346,6,1125,4,2024-09-06,12,94,16,11
347,5,1145,4,2024-09-06,12,94,11,10
348,0,1165,4,2024-09-06,12,95,16,11
349,1,1185,4,2024-09-06,12,96,16,10
350,4,1205,4,2024-09-06,12,96,16,10
351,0,1226,4,2024-09-06,12,95,12,10
352,0,1245,4,2024-09-06,12,95,12,10
353,0,1265,4,2024-09-06,12,96,16,8
354,0,1286,4,2024-09-06,12,96,16,8
355,0,1305,4,2024-09-06,12,97,16,8
356,3,365,5,2024-09-07,18,90,8,10
357,3,385,5,2024-09-07,18,91,8,10
358,2,405,5,2024-09-07,18,90,8,10
359,2,425,5,2024-09-07,18,90,8,10
360,2,445,5,2024-09-07,18,90,8,10
361,3,465,5,2024-09-07,18,90,8,10
362,3,485,5,2024-09-07,18,89,8,10
363,6,505,5,2024-09-07,18,88,8,10
364,13,525,5,2024-09-07,19,88,8,10
365,15,545,5,2024-09-07,18,89,8,10
366,15,566,5,2024-09-07,18,87,8,10
367,14,585,5,2024-09-07,18,88,8,10
368,12,605,5,2024-09-07,18,88,8,10
369,11,625,5,2024-09-07,19,89,8,9
370,17,645,5,2024-09-07,18,89,8,9
371,21,665,5,2024-09-07,18,89,8,9
372,25,686,5,2024-09-07,18,89,8,9
373,27,705,5,2024-09-07,18,89,8,9
374,21,725,5,2024-09-07,18,89,30,9
375,12,745,5,2024-09-07,19,88,3,8
376,15,765,5,2024-09-07,19,88,3,8
377,15,786,5,2024-09-07,19,88,3,8
378,16,805,5,2024-09-07,18,89,3,7
379,10,825,5,2024-09-07,18,89,3,7
380,11,845,5,2024-09-07,18,89,3,7
381,13,865,5,2024-09-07,17,89,3,7
382,15,885,5,2024-09-07,17,88,3,6
383,18,906,5,2024-09-07,17,88,3,6
384,31,925,5,2024-09-07,13,95,24,6
385,28,945,5,2024-09-07,13,95,24,6
386,32,966,5,2024-09-07,13,95,24,6
387,25,985,5,2024-09-07,13,94,16,6
388,18,1005,5,2024-09-07,13,95,21,6
389,22,1025,5,2024-09-07,13,96,24,6
390,24,1046,5,2024-09-07,13,95,20,5
391,25,1065,5,2024-09-07,13,96,24,5
392,22,1086,5,2024-09-07,13,96,24,5
393,23,1105,5,2024-09-07,13,96,24,10
394,29,1125,5,2024-09-07,13,96,24,10
395,23,1145,5,2024-09-07,13,97,24,7
396,21,1165,5,2024-09-07,13,96,24,9
397,23,1186,5,2024-09-07,13,96,24,9
398,27,1205,5,2024-09-07,13,97,24,6
399,16,1225,5,2024-09-07,12,97,24,4
400,12,1245,5,2024-09-07,13,97,22,4
401,0,1265,5,2024-09-07,12,99,23,4
402,0,1285,5,2024-09-07,13,98,22,4
403,0,1305,5,2024-09-07,12,99,23,4
404,1,365,6,2024-09-08,17,93,23,10
405,0,385,6,2024-09-08,16,93,24,10
406,0,405,6,2024-09-08,16,93,24,10
407,0,425,6,2024-09-08,16,93,24,10
408,0,445,6,2024-09-08,16,93,24,10
409,0,465,6,2024-09-08,16,92,24,10
410,10,485,6,2024-09-08,16,92,35,11
411,15,505,6,2024-09-08,16,92,35,11
412,25,525,6,2024-09-08,16,93,24,11
413,18,545,6,2024-09-08,16,91,24,11
414,25,565,6,2024-09-08,16,91,24,11
415,25,585,6,2024-09-08,16,91,24,11
416,25,605,6,2024-09-08,16,91,24,11
417,15,625,6,2024-09-08,16,91,24,11
418,17,645,6,2024-09-08,16,93,19,10
419,22,665,6,2024-09-08,16,93,23,11
420,30,685,6,2024-09-08,16,92,24,10
421,27,705,6,2024-09-08,16,92,24,10
422,25,725,6,2024-09-08,16,93,24,10
423,24,745,6,2024-09-08,16,93,24,10
424,22,765,6,2024-09-08,16,93,15,10
425,28,785,6,2024-09-08,16,92,30,10
426,30,805,6,2024-09-08,16,92,30,10
427,20,825,6,2024-09-08,16,92,30,10
428,17,845,6,2024-09-08,16,92,30,10
429,21,865,6,2024-09-08,16,92,30,10
430,26,885,6,2024-09-08,16,91,9,10
431,44,905,6,2024-09-08,16,91,9,10
432,55,926,6,2024-09-08,8,86,39,11
433,51,945,6,2024-09-08,8,86,40,11
434,45,965,6,2024-09-08,8,85,39,11
435,44,985,6,2024-09-08,8,85,39,11
436,45,1006,6,2024-09-08,8,85,24,11
437,44,1025,6,2024-09-08,7,86,24,10
438,55,1045,6,2024-09-08,7,86,24,11
439,53,1066,6,2024-09-08,7,86,22,9
440,52,1085,6,2024-09-08,7,86,22,9
441,50,1105,6,2024-09-08,7,85,19,10
442,41,1125,6,2024-09-08,7,85,19,10
443,38,1145,6,2024-09-08,7,85,19,10
444,35,1166,6,2024-09-08,7,85,19,10
445,31,1185,6,2024-09-08,7,85,19,10
446,36,1205,6,2024-09-08,7,86,19,9
447,34,1225,6,2024-09-08,7,88,19,7
448,32,1245,6,2024-09-08,7,88,17,7
449,25,1265,6,2024-09-08,7,88,17,7
450,24,1285,6,2024-09-08,7,87,16,7
451,23,1305,6,2024-09-08,7,87,16,7
452,23,365,0,2024-09-09,16,61,3,16
453,0,385,0,2024-09-09,16,60,3,16
454,19,405,0,2024-09-09,16,60,3,16
455,34,425,0,2024-09-09,16,59,2,16
456,36,445,0,2024-09-09,16,58,2,16
457,33,465,0,2024-09-09,16,59,2,16
458,24,485,0,2024-09-09,16,59,2,16
459,17,505,0,2024-09-09,16,58,2,16
460,30,525,0,2024-09-09,16,57,3,16
461,32,545,0,2024-09-09,16,58,4,16
462,35,565,0,2024-09-09,16,58,4,16
463,38,585,0,2024-09-09,16,57,3,16
464,40,606,0,2024-09-09,16,57,3,16
465,42,625,0,2024-09-09,15,58,12,16
466,46,645,0,2024-09-09,15,58,12,16
467,43,665,0,2024-09-09,15,57,12,16
468,53,685,0,2024-09-09,15,57,12,16
469,55,705,0,2024-09-09,15,57,23,16
470,55,725,0,2024-09-09,15,57,35,16
471,57,745,0,2024-09-09,15,57,35,16
472,50,765,0,2024-09-09,16,57,43,16
473,51,785,0,2024-09-09,16,57,43,16
474,48,805,0,2024-09-09,15,56,45,16
475,51,826,0,2024-09-09,16,57,40,17
476,58,845,0,2024-09-09,16,58,36,16
477,75,865,0,2024-09-09,16,58,36,16
478,82,885,0,2024-09-09,15,58,24,17
479,84,905,0,2024-09-09,15,58,24,17
480,89,925,0,2024-09-09,16,57,24,17
481,94,946,0,2024-09-09,10,76,73,17
482,100,965,0,2024-09-09,10,76,68,19
483,74,986,0,2024-09-09,10,77,68,19
484,75,1005,0,2024-09-09,10,77,65,19
485,68,1025,0,2024-09-09,10,77,65,19
486,76,1046,0,2024-09-09,10,77,65,19
487,65,1065,0,2024-09-09,10,80,75,19
488,49,1086,0,2024-09-09,10,83,79,18
489,55,1105,0,2024-09-09,10,83,96,18
490,46,1125,0,2024-09-09,10,83,96,18
491,48,1145,0,2024-09-09,10,85,69,19
492,45,1165,0,2024-09-09,10,85,63,19
493,55,1186,0,2024-09-09,10,85,63,19
494,61,1206,0,2024-09-09,10,85,66,19
495,63,1226,0,2024-09-09,10,85,66,19
496,52,1245,0,2024-09-09,10,86,70,19
497,49,1265,0,2024-09-09,10,86,70,19
498,35,1285,0,2024-09-09,10,87,81,19
499,36,1305,0,2024-09-09,10,87,93,19
500,26,365,1,2024-09-10,14,60,36,27
501,27,385,1,2024-09-10,14,60,9,27
502,48,405,1,2024-09-10,14,60,9,27
503,58,426,1,2024-09-10,14,60,15,27
504,67,445,1,2024-09-10,14,58,2,27
505,65,465,1,2024-09-10,14,59,2,27
506,62,485,1,2024-09-10,14,59,4,27
507,57,505,1,2024-09-10,14,55,3,29
508,55,525,1,2024-09-10,14,55,3,29
509,49,545,1,2024-09-10,14,55,3,28
510,42,565,1,2024-09-10,14,54,4,29
511,44,586,1,2024-09-10,14,52,4,28
512,43,605,1,2024-09-10,14,52,4,28
513,55,625,1,2024-09-10,14,52,4,28
514,61,645,1,2024-09-10,14,52,5,27
515,61,665,1,2024-09-10,15,52,5,26
516,69,685,1,2024-09-10,15,52,5,26
517,66,706,1,2024-09-10,15,52,6,26
518,62,725,1,2024-09-10,15,52,9,26
519,55,745,1,2024-09-10,14,52,21,25
520,48,766,1,2024-09-10,14,52,21,25
521,47,785,1,2024-09-10,14,52,21,25
522,49,805,1,2024-09-10,15,51,24,29
523,47,825,1,2024-09-10,15,51,24,29
524,49,845,1,2024-09-10,16,49,24,21
525,48,865,1,2024-09-10,15,49,24,21
526,54,885,1,2024-09-10,15,50,56,22
527,49,905,1,2024-09-10,15,50,56,22
528,53,925,1,2024-09-10,15,50,56,22
529,50,945,1,2024-09-10,6,66,46,24
530,43,965,1,2024-09-10,6,67,51,24
531,58,985,1,2024-09-10,6,67,51,24
532,65,1005,1,2024-09-10,6,67,47,20
533,67,1025,1,2024-09-10,6,68,42,19
534,77,1045,1,2024-09-10,6,68,42,19
535,63,1065,1,2024-09-10,6,69,16,15
536,50,1085,1,2024-09-10,6,71,11,15
537,55,1106,1,2024-09-10,6,71,11,15
538,54,1126,1,2024-09-10,6,72,10,15
539,59,1145,1,2024-09-10,6,72,10,15
540,39,1166,1,2024-09-10,6,71,9,15
541,32,1185,1,2024-09-10,6,72,8,15
542,35,1205,1,2024-09-10,6,73,5,14
543,30,1225,1,2024-09-10,6,73,5,14
544,27,1245,1,2024-09-10,6,74,5,13
545,26,1266,1,2024-09-10,5,74,5,13
546,24,1286,1,2024-09-10,6,75,10,11
547,17,1305,1,2024-09-10,5,75,16,12
548,9,365,2,2024-09-11,14,60,55,18
549,10,385,2,2024-09-11,14,60,62,18
550,14,405,2,2024-09-11,14,59,16,18
551,29,425,2,2024-09-11,14,59,17,18
552,31,446,2,2024-09-11,14,59,36,18
553,41,466,2,2024-09-11,14,59,36,18
554,38,486,2,2024-09-11,6,72,8,15
555,25,505,2,2024-09-11,15,57,49,18
556,25,525,2,2024-09-11,15,57,49,18
557,21,545,2,2024-09-11,15,55,24,17
558,33,565,2,2024-09-11,14,54,9,17
559,32,585,2,2024-09-11,14,54,15,17
560,32,605,2,2024-09-11,14,52,24,17
561,38,625,2,2024-09-11,14,52,24,17
562,42,645,2,2024-09-11,14,51,24,18
563,53,666,2,2024-09-11,14,51,24,18
564,42,685,2,2024-09-11,14,51,24,18
565,40,706,2,2024-09-11,14,50,24,18
566,35,725,2,2024-09-11,14,50,24,18
567,30,745,2,2024-09-11,14,52,24,18
568,32,765,2,2024-09-11,14,52,24,18
569,30,785,2,2024-09-11,14,51,33,18
570,35,805,2,2024-09-11,14,50,32,17
571,36,825,2,2024-09-11,14,50,35,17
572,37,845,2,2024-09-11,14,50,35,17
573,35,865,2,2024-09-11,14,52,44,15
574,40,885,2,2024-09-11,14,54,44,19
575,49,905,2,2024-09-11,14,53,24,20
576,65,925,2,2024-09-11,5,68,50,16
577,68,946,2,2024-09-11,5,68,50,16
578,66,965,2,2024-09-11,5,68,50,16
579,66,985,2,2024-09-11,5,68,62,13
580,62,1005,2,2024-09-11,5,68,62,13
581,66,1025,2,2024-09-11,5,68,62,13
582,61,1045,2,2024-09-11,5,69,48,13
583,65,1065,2,2024-09-11,5,69,62,14
584,55,1085,2,2024-09-11,5,70,71,13
585,49,1105,2,2024-09-11,5,72,58,11
586,53,1126,2,2024-09-11,5,72,65,11
587,56,1146,2,2024-09-11,5,72,64,11
588,51,1165,2,2024-09-11,5,73,62,15
589,49,1185,2,2024-09-11,5,74,48,15
590,43,1205,2,2024-09-11,5,74,66,11
591,45,1226,2,2024-09-11,5,74,57,10
592,37,1245,2,2024-09-11,5,74,66,10
593,36,1265,2,2024-09-11,5,74,66,10
594,38,1285,2,2024-09-11,5,75,73,10
595,44,1305,2,2024-09-11,5,75,73,10
596,30,366,3,2024-09-12,14,59,7,12
597,31,385,3,2024-09-12,14,60,52,12
598,40,405,3,2024-09-12,14,60,52,12
599,49,425,3,2024-09-12,14,57,55,12
600,52,445,3,2024-09-12,14,57,55,12
601,52,465,3,2024-09-12,14,55,44,12
602,44,485,3,2024-09-12,14,55,44,12
603,42,505,3,2024-09-12,14,54,24,12
604,48,525,3,2024-09-12,14,52,8,12
605,49,545,3,2024-09-12,14,52,4,12
606,50,565,3,2024-09-12,14,51,6,11
607,50,585,3,2024-09-12,14,51,6,11
608,60,605,3,2024-09-12,13,49,7,12
609,64,625,3,2024-09-12,13,49,7,12
610,68,645,3,2024-09-12,13,49,8,12
611,65,665,3,2024-09-12,13,48,10,12
612,67,685,3,2024-09-12,13,48,40,12
613,73,705,3,2024-09-12,13,48,40,12
614,69,725,3,2024-09-12,13,47,37,12
615,65,745,3,2024-09-12,13,48,15,12
616,63,765,3,2024-09-12,13,47,46,12
617,65,785,3,2024-09-12,13,48,42,14
618,66,805,3,2024-09-12,13,47,52,12
619,64,825,3,2024-09-12,13,47,52,12
620,66,845,3,2024-09-12,13,47,30,12
621,66,865,3,2024-09-12,14,48,37,11
622,65,886,3,2024-09-12,14,48,46,12
623,71,905,3,2024-09-12,13,48,42,12
624,40,926,3,2024-09-12,13,48,42,12
625,47,946,3,2024-09-12,2,72,53,13
626,55,965,3,2024-09-12,2,73,62,13
627,64,986,3,2024-09-12,2,73,36,10
628,51,1006,3,2024-09-12,2,72,49,9
629,48,1026,3,2024-09-12,2,75,49,8
630,45,1046,3,2024-09-12,2,75,49,8
631,48,1065,3,2024-09-12,2,75,41,8
632,44,1085,3,2024-09-12,2,75,41,8
633,35,1106,3,2024-09-12,2,77,8,7
634,34,1126,3,2024-09-12,2,77,8,7
635,39,1145,3,2024-09-12,2,79,8,8
636,44,1165,3,2024-09-12,2,79,8,8
637,40,1186,3,2024-09-12,2,81,7,6
638,45,1206,3,2024-09-12,2,81,7,6
639,48,1225,3,2024-09-12,2,82,6,6
640,50,1246,3,2024-09-12,2,82,6,6
641,45,1266,3,2024-09-12,2,83,6,6
642,43,1286,3,2024-09-12,2,83,12,6
643,36,1306,3,2024-09-12,2,83,9,6
644,1,365,4,2024-09-13,15,66,2,13
645,1,385,4,2024-09-13,15,66,2,13
646,11,405,4,2024-09-13,15,66,2,13
647,24,425,4,2024-09-13,15,66,2,13
648,26,445,4,2024-09-13,15,63,2,13
649,33,465,4,2024-09-13,15,64,2,13
650,24,485,4,2024-09-13,15,61,2,13
651,31,505,4,2024-09-13,15,61,2,13
652,25,525,4,2024-09-13,15,61,2,13
653,26,545,4,2024-09-13,15,60,2,13
654,30,566,4,2024-09-13,14,61,2,12
655,37,585,4,2024-09-13,15,59,1,13
656,41,605,4,2024-09-13,15,59,1,13
657,48,625,4,2024-09-13,14,59,1,13
658,51,645,4,2024-09-13,14,59,1,13
659,49,665,4,2024-09-13,14,56,1,14
660,50,685,4,2024-09-13,14,57,1,14
661,56,705,4,2024-09-13,14,55,1,13
662,57,725,4,2024-09-13,14,55,1,13
663,65,745,4,2024-09-13,14,56,1,14
664,66,765,4,2024-09-13,14,56,7,14
665,63,785,4,2024-09-13,14,56,7,14
666,57,805,4,2024-09-13,14,54,2,14
667,45,825,4,2024-09-13,14,54,2,14
668,48,845,4,2024-09-13,15,54,18,14
669,59,865,4,2024-09-13,16,53,1,15
670,65,885,4,2024-09-13,16,54,15,14
671,65,905,4,2024-09-13,17,55,1,14
672,73,925,4,2024-09-13,9,71,50,15
673,75,945,4,2024-09-13,9,71,50,15
674,79,965,4,2024-09-13,9,73,50,13
675,80,985,4,2024-09-13,9,75,69,16
676,75,1006,4,2024-09-13,9,75,69,16
677,84,1025,4,2024-09-13,9,76,87,11
678,85,1045,4,2024-09-13,9,76,88,10
679,83,1066,4,2024-09-13,9,76,88,10
680,79,1085,4,2024-09-13,9,76,84,10
681,76,1105,4,2024-09-13,9,77,85,10
682,65,1125,4,2024-09-13,9,78,100,10
683,64,1146,4,2024-09-13,9,79,100,9
684,65,1166,4,2024-09-13,9,81,100,10
685,55,1185,4,2024-09-13,9,80,100,10
686,49,1205,4,2024-09-13,9,82,92,10
687,42,1225,4,2024-09-13,9,82,92,10
688,47,1245,4,2024-09-13,9,82,81,10
689,46,1265,4,2024-09-13,9,82,77,10
690,42,1285,4,2024-09-13,9,84,79,10
691,39,1305,4,2024-09-13,9,85,70,10
692,1,365,5,2024-09-14,18,81,24,20
693,2,385,5,2024-09-14,18,81,24,20
694,2,405,5,2024-09-14,18,80,17,20
695,1,425,5,2024-09-14,18,80,67,20
696,1,445,5,2024-09-14,18,80,18,20
697,2,465,5,2024-09-14,18,79,23,20
698,6,486,5,2024-09-14,18,80,23,20
699,9,505,5,2024-09-14,18,79,24,20
700,15,525,5,2024-09-14,18,79,35,20
701,15,545,5,2024-09-14,18,78,35,20
702,20,565,5,2024-09-14,18,78,35,20
703,18,585,5,2024-09-14,18,78,35,21
704,24,606,5,2024-09-14,18,79,35,20
705,40,625,5,2024-09-14,18,77,22,20
706,43,645,5,2024-09-14,18,77,22,20
707,45,665,5,2024-09-14,18,76,30,20
708,54,685,5,2024-09-14,18,76,30,21
709,65,705,5,2024-09-14,18,76,57,20
710,60,725,5,2024-09-14,18,76,30,20
711,55,745,5,2024-09-14,18,76,30,20
712,48,765,5,2024-09-14,18,75,24,21
713,35,786,5,2024-09-14,18,75,24,21
714,34,805,5,2024-09-14,18,74,21,21
715,40,825,5,2024-09-14,18,74,23,21
716,48,846,5,2024-09-14,18,75,30,21
717,52,865,5,2024-09-14,18,74,11,21
718,55,885,5,2024-09-14,18,74,10,22
719,54,905,5,2024-09-14,18,74,10,22
720,57,925,5,2024-09-14,11,82,60,21
721,52,945,5,2024-09-14,11,82,60,21
722,50,965,5,2024-09-14,11,83,38,19
723,53,985,5,2024-09-14,11,83,60,20
724,54,1005,5,2024-09-14,11,83,38,19
725,47,1025,5,2024-09-14,11,83,38,19
726,52,1045,5,2024-09-14,11,83,35,22
727,53,1066,5,2024-09-14,11,84,35,22
728,62,1085,5,2024-09-14,11,84,35,23
729,62,1105,5,2024-09-14,11,84,35,23
730,62,1126,5,2024-09-14,11,84,35,22
731,47,1145,5,2024-09-14,11,84,35,22
732,40,1165,5,2024-09-14,11,86,41,26
733,39,1185,5,2024-09-14,11,86,35,25
734,41,1205,5,2024-09-14,11,86,24,24
735,53,1225,5,2024-09-14,11,87,21,21
736,49,1245,5,2024-09-14,11,87,24,21
737,35,1265,5,2024-09-14,11,85,30,23
738,30,1285,5,2024-09-14,11,85,30,23
739,30,1305,5,2024-09-14,11,85,20,21
740,31,365,6,2024-09-15,17,75,13,16
741,31,386,6,2024-09-15,17,73,17,16
742,31,405,6,2024-09-15,17,74,17,16
743,31,425,6,2024-09-15,17,74,17,16
744,31,445,6,2024-09-15,18,73,16,16
745,31,465,6,2024-09-15,17,73,14,16
746,0,485,6,2024-09-15,17,73,14,16
747,24,505,6,2024-09-15,17,71,9,16
748,38,525,6,2024-09-15,17,70,10,16
749,46,545,6,2024-09-15,17,70,10,16
750,40,565,6,2024-09-15,17,70,14,16
751,26,585,6,2024-09-15,17,70,17,16
752,26,605,6,2024-09-15,17,70,17,16
753,24,626,6,2024-09-15,17,70,18,16
754,31,645,6,2024-09-15,17,69,23,16
755,42,665,6,2024-09-15,17,69,23,16
756,46,685,6,2024-09-15,17,68,23,16
757,47,705,6,2024-09-15,17,68,23,16
758,47,725,6,2024-09-15,17,65,15,16
759,42,745,6,2024-09-15,17,66,18,16
760,40,765,6,2024-09-15,17,66,9,17
761,42,785,6,2024-09-15,17,66,12,17
762,50,805,6,2024-09-15,18,67,43,17
763,57,825,6,2024-09-15,18,67,43,17
764,57,845,6,2024-09-15,19,61,9,19
765,54,865,6,2024-09-15,18,63,11,19
766,55,885,6,2024-09-15,17,62,15,18
767,55,905,6,2024-09-15,7,81,30,16
768,49,925,6,2024-09-15,7,81,30,16
769,55,945,6,2024-09-15,7,81,8,16
770,65,965,6,2024-09-15,6,81,8,18
771,70,986,6,2024-09-15,6,81,8,18
772,71,1005,6,2024-09-15,7,80,24,18
773,69,1025,6,2024-09-15,7,80,24,18
774,72,1045,6,2024-09-15,7,82,44,16
775,69,1065,6,2024-09-15,7,82,8,16
776,66,1085,6,2024-09-15,6,84,8,17
777,65,1105,6,2024-09-15,7,83,8,17
778,65,1125,6,2024-09-15,7,84,8,14
779,59,1146,6,2024-09-15,7,85,8,12
780,63,1165,6,2024-09-15,7,85,8,12
781,71,1185,6,2024-09-15,7,84,8,12
782,69,1206,6,2024-09-15,7,84,8,11
783,62,1225,6,2024-09-15,7,84,8,10
784,63,1245,6,2024-09-15,7,84,8,9
785,44,1265,6,2024-09-15,7,87,8,10
786,37,1286,6,2024-09-15,7,87,8,10
787,36,1305,6,2024-09-15,7,88,8,9
788,36,365,0,2024-09-16,17,70,3,8
789,36,385,0,2024-09-16,17,71,3,8
790,22,405,0,2024-09-16,17,71,3,7
791,58,425,0,2024-09-16,17,70,3,7
792,67,445,0,2024-09-16,17,69,3,7
793,61,465,0,2024-09-16,18,67,2,8
794,56,485,0,2024-09-16,18,67,2,8
795,53,505,0,2024-09-16,18,67,2,8
796,61,525,0,2024-09-16,18,67,2,8
797,64,545,0,2024-09-16,18,66,2,8
798,68,565,0,2024-09-16,17,66,2,8
799,58,585,0,2024-09-16,18,65,2,8
800,56,605,0,2024-09-16,18,64,2,7
801,69,625,0,2024-09-16,17,63,2,8
802,66,645,0,2024-09-16,17,63,2,7
803,62,665,0,2024-09-16,17,62,2,8
804,75,685,0,2024-09-16,17,60,2,8
805,64,705,0,2024-09-16,17,60,2,7
806,58,725,0,2024-09-16,17,60,2,8
807,53,745,0,2024-09-16,17,58,2,7
808,52,765,0,2024-09-16,17,58,2,7
809,50,785,0,2024-09-16,17,58,2,7
810,58,805,0,2024-09-16,17,59,2,7
811,54,825,0,2024-09-16,17,59,2,7
812,56,845,0,2024-09-16,17,60,2,7
813,65,865,0,2024-09-16,17,60,2,7
814,65,885,0,2024-09-16,17,59,2,7
815,49,905,0,2024-09-16,17,59,2,7
816,62,926,0,2024-09-16,9,81,8,8
817,71,945,0,2024-09-16,9,83,8,7
818,81,965,0,2024-09-16,9,83,7,7
819,96,985,0,2024-09-16,9,82,8,8
820,90,1005,0,2024-09-16,9,83,8,8
821,90,1025,0,2024-09-16,9,85,8,8
822,88,1046,0,2024-09-16,9,86,8,9
823,81,1065,0,2024-09-16,9,85,8,7
824,66,1086,0,2024-09-16,9,87,8,9
825,73,1106,0,2024-09-16,9,87,8,8
826,68,1125,0,2024-09-16,9,88,8,9
827,66,1145,0,2024-09-16,9,89,8,9
828,74,1165,0,2024-09-16,9,89,8,9
829,81,1185,0,2024-09-16,9,89,8,8
830,85,1205,0,2024-09-16,9,89,8,8
831,92,1225,0,2024-09-16,9,90,8,7
832,96,1245,0,2024-09-16,9,88,8,6
833,85,1265,0,2024-09-16,9,89,8,6
834,74,1285,0,2024-09-16,9,88,8,6
835,65,1305,0,2024-09-16,9,89,8,6
836,1,365,1,2024-09-17,22,72,3,15
837,1,385,1,2024-09-17,22,72,3,15
838,26,405,1,2024-09-17,22,71,3,11
839,35,425,1,2024-09-17,22,71,3,11
840,43,446,1,2024-09-17,22,70,3,8
841,45,465,1,2024-09-17,23,70,3,8
842,45,486,1,2024-09-17,23,69,3,10
843,45,505,1,2024-09-17,23,69,3,10
844,49,525,1,2024-09-17,23,69,3,9
845,53,545,1,2024-09-17,23,69,3,9
846,59,565,1,2024-09-17,23,66,3,13
847,54,585,1,2024-09-17,23,66,3,12
848,41,605,1,2024-09-17,22,66,3,12
849,48,625,1,2024-09-17,22,65,3,9
850,54,645,1,2024-09-17,22,65,3,9
851,54,665,1,2024-09-17,22,65,3,11
852,49,685,1,2024-09-17,22,65,3,11
853,44,705,1,2024-09-17,22,65,2,11
854,38,725,1,2024-09-17,22,65,2,11
855,39,746,1,2024-09-17,22,64,2,10
856,35,765,1,2024-09-17,22,63,2,10
857,27,785,1,2024-09-17,22,63,2,10
858,28,805,1,2024-09-17,22,63,2,10
859,26,825,1,2024-09-17,23,62,2,11
860,34,845,1,2024-09-17,23,62,2,11
861,28,865,1,2024-09-17,23,62,2,8
862,27,885,1,2024-09-17,23,62,2,8
863,27,905,1,2024-09-17,23,62,2,8
864,46,925,1,2024-09-17,10,82,9,7
865,47,945,1,2024-09-17,10,82,9,7
866,40,965,1,2024-09-17,10,84,9,6
867,47,985,1,2024-09-17,10,84,9,6
868,55,1005,1,2024-09-17,10,86,9,6
869,47,1025,1,2024-09-17,10,86,9,6
870,46,1046,1,2024-09-17,10,86,9,7
871,54,1065,1,2024-09-17,10,86,9,7
872,62,1085,1,2024-09-17,10,86,9,7
873,59,1105,1,2024-09-17,10,88,9,4
874,55,1125,1,2024-09-17,10,87,9,4
875,54,1145,1,2024-09-17,10,89,9,7
876,60,1166,1,2024-09-17,10,89,9,6
877,56,1185,1,2024-09-17,11,89,9,6
878,59,1206,1,2024-09-17,11,89,9,4
879,53,1225,1,2024-09-17,11,92,9,4
880,60,1245,1,2024-09-17,10,94,9,3
881,45,1265,1,2024-09-17,10,94,9,3
882,38,1285,1,2024-09-17,10,94,9,6
883,32,1305,1,2024-09-17,10,95,9,4
884,2,365,2,2024-09-18,18,79,5,10
885,3,385,2,2024-09-18,18,77,6,10
886,19,405,2,2024-09-18,18,78,5,10
887,35,425,2,2024-09-18,18,78,5,10
888,43,445,2,2024-09-18,18,77,5,10
889,46,465,2,2024-09-18,18,79,5,10
890,46,485,2,2024-09-18,18,77,5,10
891,35,505,2,2024-09-18,18,76,6,10
892,42,525,2,2024-09-18,18,76,5,10
893,41,545,2,2024-09-18,18,74,5,10
894,42,565,2,2024-09-18,18,74,5,10
895,38,585,2,2024-09-18,17,73,5,10
896,29,605,2,2024-09-18,17,73,5,10
897,32,625,2,2024-09-18,17,71,5,11
898,43,645,2,2024-09-18,17,71,5,11
899,40,665,2,2024-09-18,17,70,4,10
900,46,685,2,2024-09-18,17,70,4,10
901,46,705,2,2024-09-18,18,70,4,10
902,40,725,2,2024-09-18,18,69,2,10
903,42,745,2,2024-09-18,18,69,2,10
904,45,765,2,2024-09-18,18,69,2,10
905,43,785,2,2024-09-18,17,70,2,13
906,35,805,2,2024-09-18,17,70,2,13
907,40,825,2,2024-09-18,17,69,2,12
908,41,845,2,2024-09-18,17,70,2,11
909,47,865,2,2024-09-18,18,73,2,12
910,64,885,2,2024-09-18,18,73,2,12
911,55,906,2,2024-09-18,18,73,2,12
912,67,925,2,2024-09-18,9,88,9,14
913,58,945,2,2024-09-18,9,88,9,12
914,60,966,2,2024-09-18,9,89,9,11
915,81,985,2,2024-09-18,9,89,9,14
916,76,1005,2,2024-09-18,9,90,11,13
917,75,1025,2,2024-09-18,8,91,11,13
918,65,1045,2,2024-09-18,8,91,11,13
919,80,1065,2,2024-09-18,8,91,9,12
920,77,1085,2,2024-09-18,8,91,9,12
921,73,1106,2,2024-09-18,8,93,12,12
922,67,1125,2,2024-09-18,8,93,12,12
923,65,1145,2,2024-09-18,9,93,9,10
924,62,1165,2,2024-09-18,9,93,9,10
925,60,1185,2,2024-09-18,9,93,9,9
926,58,1205,2,2024-09-18,9,93,9,5
927,66,1225,2,2024-09-18,9,94,9,5
928,70,1245,2,2024-09-18,9,94,9,5
929,75,1266,2,2024-09-18,9,94,9,4
930,66,1292,2,2024-09-18,9,94,9,4
931,52,1318,2,2024-09-18,9,95,9,4
932,42,365,3,2024-09-19,15,80,6,8
933,45,385,3,2024-09-19,15,80,6,8
934,16,405,3,2024-09-19,15,80,5,8
935,23,425,3,2024-09-19,16,79,5,8
936,33,445,3,2024-09-19,15,77,6,8
937,32,465,3,2024-09-19,15,77,6,8
938,34,485,3,2024-09-19,15,76,6,8
939,25,505,3,2024-09-19,15,76,6,8
940,30,525,3,2024-09-19,15,77,6,8
941,35,546,3,2024-09-19,15,77,6,8
942,30,566,3,2024-09-19,15,74,6,8
943,26,585,3,2024-09-19,15,74,6,8
944,28,606,3,2024-09-19,15,72,6,8
945,37,625,3,2024-09-19,15,72,6,8
946,36,645,3,2024-09-19,15,72,5,8
947,41,665,3,2024-09-19,15,72,5,8
948,47,685,3,2024-09-19,15,72,5,8
949,46,705,3,2024-09-19,15,72,3,8
950,32,725,3,2024-09-19,15,72,4,8
951,35,745,3,2024-09-19,15,73,2,8
952,37,765,3,2024-09-19,15,72,2,8
953,27,785,3,2024-09-19,15,72,2,8
954,31,806,3,2024-09-19,15,71,2,8
955,27,825,3,2024-09-19,15,73,2,8
956,17,845,3,2024-09-19,15,73,2,8
957,22,866,3,2024-09-19,15,71,2,7
958,16,885,3,2024-09-19,15,71,2,7
959,27,905,3,2024-09-19,15,72,2,7
960,34,925,3,2024-09-19,10,87,17,8
961,43,945,3,2024-09-19,10,89,17,8
962,49,965,3,2024-09-19,10,89,17,8
963,50,985,3,2024-09-19,10,89,19,7
964,69,1005,3,2024-09-19,10,89,19,7
965,70,1026,3,2024-09-19,10,90,18,8
966,79,1045,3,2024-09-19,10,90,18,8
967,69,1065,3,2024-09-19,10,91,18,7
968,59,1085,3,2024-09-19,10,91,18,7
969,64,1105,3,2024-09-19,10,91,17,7
970,59,1125,3,2024-09-19,10,91,17,6
971,57,1146,3,2024-09-19,10,91,17,6
972,51,1166,3,2024-09-19,10,91,17,6
973,60,1185,3,2024-09-19,10,91,18,6
974,60,1205,3,2024-09-19,10,91,18,6
975,62,1226,3,2024-09-19,10,92,18,5
976,63,1245,3,2024-09-19,10,92,18,5
977,62,1265,3,2024-09-19,10,90,17,5
978,60,1285,3,2024-09-19,10,90,16,5
979,50,1305,3,2024-09-19,10,90,16,5
980,0,366,4,2024-09-20,14,87,16,10
981,0,386,4,2024-09-20,14,87,16,10
982,22,405,4,2024-09-20,14,87,12,10
983,45,425,4,2024-09-20,14,89,11,10
984,51,445,4,2024-09-20,14,89,11,10
985,48,465,4,2024-09-20,14,89,11,10
986,52,485,4,2024-09-20,14,87,30,10
987,45,505,4,2024-09-20,14,87,14,10
988,40,525,4,2024-09-20,14,87,14,10
989,38,545,4,2024-09-20,14,86,14,10
990,35,566,4,2024-09-20,14,85,30,10
991,43,585,4,2024-09-20,14,86,14,10
992,41,605,4,2024-09-20,14,86,14,10
993,50,625,4,2024-09-20,14,86,14,10
994,50,645,4,2024-09-20,14,87,14,10
995,56,665,4,2024-09-20,14,87,30,10
996,53,685,4,2024-09-20,14,86,30,10
997,53,705,4,2024-09-20,14,86,7,9
998,48,725,4,2024-09-20,14,86,7,9
999,49,745,4,2024-09-20,14,87,5,10
1000,41,765,4,2024-09-20,14,87,5,10
1001,25,785,4,2024-09-20,14,86,5,10
1002,28,805,4,2024-09-20,14,86,5,10
1003,31,825,4,2024-09-20,14,85,5,10
1004,42,845,4,2024-09-20,14,85,5,10
1005,42,865,4,2024-09-20,14,85,5,10
1006,40,885,4,2024-09-20,14,83,5,10
1007,52,905,4,2024-09-20,12,92,24,9
1008,54,925,4,2024-09-20,12,92,24,9
1009,59,945,4,2024-09-20,12,92,23,9
1010,58,965,4,2024-09-20,12,92,24,8
1011,76,985,4,2024-09-20,12,92,24,8
1012,88,1005,4,2024-09-20,12,92,20,8
1013,82,1025,4,2024-09-20,12,92,20,8
1014,82,1045,4,2024-09-20,12,92,20,8
1015,66,1065,4,2024-09-20,12,93,22,8
1016,64,1085,4,2024-09-20,12,93,22,8
1017,60,1106,4,2024-09-20,12,93,18,8
1018,59,1126,4,2024-09-20,11,92,19,8
1019,50,1145,4,2024-09-20,11,92,19,8
1020,47,1165,4,2024-09-20,11,93,24,8
1021,49,1185,4,2024-09-20,11,93,24,8
1022,55,1205,4,2024-09-20,12,93,22,8
1023,65,1225,4,2024-09-20,12,94,18,8
1024,62,1246,4,2024-09-20,11,94,17,8
1025,57,1265,4,2024-09-20,11,94,17,8
1026,53,1286,4,2024-09-20,11,95,20,8
1027,49,1305,4,2024-09-20,11,94,18,8
1028,25,365,5,2024-09-21,14,89,11,14
1029,25,385,5,2024-09-21,14,89,12,14
1030,25,405,5,2024-09-21,14,89,11,14
1031,25,426,5,2024-09-21,14,89,12,14
1032,25,445,5,2024-09-21,14,89,11,14
1033,25,465,5,2024-09-21,14,89,11,14
1034,5,485,5,2024-09-21,14,89,12,14
1035,10,505,5,2024-09-21,14,89,12,14
1036,12,525,5,2024-09-21,14,88,18,14
1037,16,545,5,2024-09-21,14,89,30,14
1038,19,565,5,2024-09-21,14,89,30,14
1039,25,585,5,2024-09-21,14,89,18,14
1040,30,605,5,2024-09-21,14,87,30,14
1041,44,625,5,2024-09-21,14,87,30,14
1042,51,645,5,2024-09-21,14,87,9,14
1043,46,665,5,2024-09-21,14,87,9,14
1044,45,685,5,2024-09-21,14,88,9,14
1045,39,705,5,2024-09-21,14,87,7,14
1046,35,725,5,2024-09-21,14,87,7,14
1047,28,745,5,2024-09-21,14,85,5,13
1048,25,765,5,2024-09-21,14,86,5,13
1049,20,785,5,2024-09-21,14,88,5,13
1050,24,805,5,2024-09-21,14,87,4,13
1051,40,825,5,2024-09-21,14,87,4,13
1052,35,845,5,2024-09-21,13,89,5,13
1053,31,865,5,2024-09-21,13,88,4,12
1054,31,885,5,2024-09-21,13,88,4,12
1055,26,905,5,2024-09-21,13,88,4,12
1056,25,925,5,2024-09-21,11,91,24,12
1057,34,945,5,2024-09-21,11,91,24,12
1058,31,965,5,2024-09-21,11,91,24,12
1059,30,985,5,2024-09-21,11,93,22,12
1060,35,1005,5,2024-09-21,11,93,22,12
1061,35,1025,5,2024-09-21,11,92,16,11
1062,37,1045,5,2024-09-21,11,92,19,10
1063,38,1065,5,2024-09-21,11,92,19,10
1064,41,1085,5,2024-09-21,11,92,14,10
1065,39,1106,5,2024-09-21,11,92,14,10
1066,43,1125,5,2024-09-21,11,92,20,10
1067,39,1145,5,2024-09-21,11,94,14,10
1068,31,1165,5,2024-09-21,11,94,14,10
1069,30,1185,5,2024-09-21,11,94,14,10
1070,38,1205,5,2024-09-21,11,92,30,10
1071,44,1225,5,2024-09-21,11,92,30,10
1072,37,1245,5,2024-09-21,11,92,14,10
1073,22,1265,5,2024-09-21,11,92,14,10
1074,1,1285,5,2024-09-21,11,92,14,10
1075,1,1305,5,2024-09-21,11,92,14,10
1076,2,365,6,2024-09-22,13,85,7,12
1077,1,385,6,2024-09-22,13,85,7,12
1078,1,405,6,2024-09-22,13,85,7,12
1079,1,425,6,2024-09-22,13,86,7,12
1080,1,445,6,2024-09-22,13,85,7,12
1081,1,465,6,2024-09-22,13,85,6,11
1082,4,485,6,2024-09-22,13,85,6,11
1083,16,505,6,2024-09-22,13,85,6,11
1084,19,525,6,2024-09-22,13,84,7,11
1085,29,545,6,2024-09-22,13,83,7,11
1086,27,565,6,2024-09-22,13,85,8,11
1087,23,585,6,2024-09-22,13,83,7,11
1088,19,605,6,2024-09-22,13,82,7,11
1089,24,625,6,2024-09-22,13,82,7,10
1090,22,645,6,2024-09-22,13,82,7,10
1091,30,665,6,2024-09-22,13,82,7,10
1092,30,685,6,2024-09-22,13,82,5,10
1093,31,705,6,2024-09-22,13,82,5,10
1094,28,725,6,2024-09-22,13,82,4,10
1095,28,745,6,2024-09-22,13,82,3,10
1096,33,765,6,2024-09-22,13,82,4,9
1097,34,785,6,2024-09-22,13,82,4,9
1098,34,805,6,2024-09-22,13,82,4,9
1099,25,825,6,2024-09-22,13,82,3,9
1100,28,845,6,2024-09-22,13,80,4,9
1101,31,865,6,2024-09-22,14,80,3,9
1102,36,885,6,2024-09-22,14,80,3,8
1103,35,905,6,2024-09-22,14,81,3,8
1104,33,925,6,2024-09-22,9,88,12,7
1105,37,945,6,2024-09-22,9,88,12,7
1106,36,965,6,2024-09-22,9,88,12,7
1107,45,985,6,2024-09-22,8,88,10,7
1108,40,1005,6,2024-09-22,9,88,12,6
1109,36,1026,6,2024-09-22,9,88,12,6
1110,38,1045,6,2024-09-22,9,88,12,5
1111,38,1065,6,2024-09-22,9,88,12,6
1112,38,1085,6,2024-09-22,9,88,11,5
1113,47,1105,6,2024-09-22,9,88,12,4
1114,47,1125,6,2024-09-22,9,89,12,4
1115,36,1145,6,2024-09-22,9,89,12,4
1116,37,1165,6,2024-09-22,9,89,8,4
1117,46,1185,6,2024-09-22,9,89,8,4
1118,37,1205,6,2024-09-22,8,89,8,4
1119,40,1225,6,2024-09-22,8,89,8,3
1120,33,1245,6,2024-09-22,8,89,8,3
1121,7,1265,6,2024-09-22,8,89,8,3
1122,0,1285,6,2024-09-22,8,88,8,3
1123,1,1305,6,2024-09-22,8,88,8,3
1124,0,365,0,2024-09-23,12,85,12,5
1125,0,385,0,2024-09-23,12,85,9,5
1126,13,405,0,2024-09-23,12,85,9,5
1127,42,425,0,2024-09-23,12,85,10,5
1128,52,446,0,2024-09-23,12,85,9,5
1129,55,465,0,2024-09-23,12,84,9,4
1130,53,486,0,2024-09-23,12,84,9,4
1131,50,505,0,2024-09-23,12,83,6,4
1132,45,525,0,2024-09-23,12,83,6,4
1133,44,545,0,2024-09-23,12,83,6,4
1134,51,565,0,2024-09-23,12,82,6,4
1135,47,585,0,2024-09-23,12,82,6,4
1136,46,605,0,2024-09-23,12,81,6,4
1137,48,625,0,2024-09-23,12,81,6,4
1138,44,645,0,2024-09-23,12,81,6,4
1139,37,666,0,2024-09-23,12,81,6,4
1140,49,685,0,2024-09-23,12,80,5,4
1141,54,705,0,2024-09-23,12,80,5,4
1142,50,725,0,2024-09-23,12,81,5,5
1143,54,745,0,2024-09-23,12,80,4,4
1144,49,765,0,2024-09-23,12,80,3,5
1145,39,785,0,2024-09-23,12,80,3,5
1146,38,805,0,2024-09-23,12,80,3,4
1147,43,825,0,2024-09-23,12,78,3,5
1148,43,845,0,2024-09-23,12,81,3,5
1149,41,865,0,2024-09-23,12,81,3,5
1150,38,885,0,2024-09-23,12,81,3,5
1151,38,905,0,2024-09-23,12,81,3,5
1152,50,925,0,2024-09-23,10,85,56,4
1153,50,946,0,2024-09-23,10,85,56,4
1154,52,966,0,2024-09-23,10,86,57,4
1155,67,985,0,2024-09-23,10,86,50,5
1156,74,1006,0,2024-09-23,10,86,50,5
1157,82,1025,0,2024-09-23,10,86,50,5
1158,97,1045,0,2024-09-23,10,86,52,5
1159,98,1065,0,2024-09-23,10,86,52,5
1160,98,1085,0,2024-09-23,10,86,50,5
1161,87,1105,0,2024-09-23,9,88,50,5
1162,89,1125,0,2024-09-23,9,89,57,5
1163,91,1145,0,2024-09-23,10,88,56,4
1164,85,1165,0,2024-09-23,9,90,60,4
1165,82,1185,0,2024-09-23,9,89,58,3
1166,95,1205,0,2024-09-23,9,89,58,3
1167,94,1225,0,2024-09-23,9,90,62,4
1168,64,1245,0,2024-09-23,9,89,56,4
1169,58,1265,0,2024-09-23,9,91,62,5
1170,59,1285,0,2024-09-23,9,91,62,5
1171,51,1305,0,2024-09-23,10,91,61,4
1172,0,365,1,2024-09-24,13,82,77,13
1173,0,385,1,2024-09-24,13,82,76,12
1174,17,405,1,2024-09-24,13,83,68,14
1175,35,425,1,2024-09-24,13,83,68,14
1176,55,445,1,2024-09-24,13,82,79,14
1177,58,465,1,2024-09-24,13,81,60,14
1178,64,485,1,2024-09-24,13,81,60,14
1179,65,505,1,2024-09-24,13,81,63,14
1180,56,525,1,2024-09-24,13,81,49,13
1181,61,545,1,2024-09-24,13,81,49,13
1182,50,565,1,2024-09-24,13,81,50,13
1183,38,585,1,2024-09-24,13,79,69,13
1184,43,605,1,2024-09-24,13,79,55,13
1185,48,625,1,2024-09-24,13,78,48,16
1186,53,645,1,2024-09-24,13,78,48,16
1187,56,665,1,2024-09-24,13,79,36,16
1188,57,685,1,2024-09-24,13,79,36,16
1189,55,705,1,2024-09-24,13,79,24,16
1190,43,725,1,2024-09-24,13,77,24,16
1191,39,745,1,2024-09-24,14,77,18,16
1192,39,765,1,2024-09-24,14,77,20,16
1193,31,785,1,2024-09-24,14,75,21,15
1194,27,805,1,2024-09-24,14,73,19,15
1195,27,825,1,2024-09-24,14,73,19,15
1196,33,845,1,2024-09-24,15,70,59,18
1197,35,865,1,2024-09-24,14,73,59,16
1198,42,885,1,2024-09-24,15,72,53,16
1199,35,905,1,2024-09-24,15,72,53,16
1200,38,925,1,2024-09-24,3,81,37,18
1201,45,945,1,2024-09-24,3,81,38,20
1202,55,965,1,2024-09-24,3,81,56,20
1203,72,985,1,2024-09-24,3,80,70,14
1204,76,1005,1,2024-09-24,3,79,59,15
1205,71,1025,1,2024-09-24,2,81,69,15
1206,75,1045,1,2024-09-24,3,80,78,10
1207,77,1065,1,2024-09-24,2,80,73,10
1208,77,1085,1,2024-09-24,3,81,72,12
1209,83,1105,1,2024-09-24,3,81,72,12
1210,66,1125,1,2024-09-24,3,80,74,8
1211,73,1145,1,2024-09-24,3,81,89,7
1212,80,1165,1,2024-09-24,3,81,89,7
1213,82,1185,1,2024-09-24,3,84,98,7
1214,74,1205,1,2024-09-24,3,85,97,7
1215,78,1225,1,2024-09-24,3,85,98,7
1216,69,1245,1,2024-09-24,2,85,100,7
1217,63,1265,1,2024-09-24,2,86,100,7
1218,53,1285,1,2024-09-24,2,86,100,7
1219,47,1305,1,2024-09-24,2,85,67,7
1220,53,665,2,2024-09-25,12,61,5,10
1221,54,685,2,2024-09-25,12,61,5,11
1222,61,705,2,2024-09-25,12,61,4,11
1223,52,725,2,2024-09-25,12,60,2,10
1224,53,745,2,2024-09-25,12,60,3,11
1225,54,765,2,2024-09-25,12,60,3,11
1226,45,785,2,2024-09-25,12,59,2,11
1227,45,805,2,2024-09-25,12,58,2,10
1228,53,825,2,2024-09-25,12,58,3,11
1229,56,845,2,2024-09-25,13,58,3,11
1230,69,866,2,2024-09-25,13,59,2,10
1231,75,885,2,2024-09-25,13,60,3,11
1232,77,905,2,2024-09-25,12,60,3,11
1233,79,925,2,2024-09-25,9,71,61,20
1234,65,945,2,2024-09-25,9,71,61,20
1235,57,965,2,2024-09-25,9,72,61,20
1236,56,985,2,2024-09-25,9,71,62,20
1237,67,1005,2,2024-09-25,9,71,63,20
1238,69,1025,2,2024-09-25,9,71,63,20
1239,72,1045,2,2024-09-25,8,72,65,19
1240,68,1065,2,2024-09-25,9,72,63,20
1241,75,1085,2,2024-09-25,9,74,63,20
1242,65,1105,2,2024-09-25,8,74,65,19
1243,79,1125,2,2024-09-25,9,74,63,20
1244,75,1146,2,2024-09-25,9,74,76,20
1245,68,1165,2,2024-09-25,9,74,76,20
1246,67,1185,2,2024-09-25,9,73,81,19
1247,66,1205,2,2024-09-25,9,72,85,19
1248,54,1225,2,2024-09-25,9,73,87,18
1249,53,1245,2,2024-09-25,9,72,74,19
1250,48,1266,2,2024-09-25,9,73,74,19
1251,45,1285,2,2024-09-25,9,73,74,19
1252,46,1305,2,2024-09-25,9,73,79,18
1253,31,365,3,2024-09-26,12,62,83,24
1254,33,385,3,2024-09-26,12,62,83,24
1255,21,405,3,2024-09-26,12,62,89,24
1256,33,425,3,2024-09-26,12,61,86,24
1257,40,445,3,2024-09-26,12,61,31,24
1258,45,466,3,2024-09-26,12,61,20,24
1259,42,485,3,2024-09-26,12,61,20,24
1260,37,505,3,2024-09-26,12,59,23,24
1261,35,525,3,2024-09-26,12,59,38,23
1262,26,545,3,2024-09-26,12,59,8,26
1263,31,565,3,2024-09-26,12,59,8,26
1264,29,585,3,2024-09-26,12,58,2,25
1265,27,605,3,2024-09-26,12,58,2,25
1266,25,625,3,2024-09-26,12,58,1,24
1267,26,645,3,2024-09-26,12,58,1,24
1268,27,665,3,2024-09-26,12,57,1,23
1269,34,685,3,2024-09-26,12,57,1,23
1270,33,705,3,2024-09-26,12,55,1,24
1271,35,725,3,2024-09-26,12,55,1,24
1272,32,746,3,2024-09-26,13,55,1,24
1273,34,766,3,2024-09-26,12,56,1,23
1274,32,785,3,2024-09-26,12,56,1,23
1275,30,805,3,2024-09-26,12,55,18,22
1276,33,825,3,2024-09-26,12,55,15,22
1277,29,845,3,2024-09-26,13,55,24,22
1278,25,865,3,2024-09-26,13,56,3,22
1279,32,885,3,2024-09-26,13,55,24,21
1280,34,905,3,2024-09-26,14,54,14,21
1281,40,925,3,2024-09-26,7,68,39,20
1282,43,945,3,2024-09-26,7,70,7,17
1283,41,966,3,2024-09-26,7,70,14,16
1284,49,985,3,2024-09-26,7,70,14,16
1285,57,1005,3,2024-09-26,7,70,19,16
1286,50,1025,3,2024-09-26,7,70,14,16
1287,57,1045,3,2024-09-26,7,72,12,19
1288,59,1065,3,2024-09-26,7,73,14,16
1289,57,1085,3,2024-09-26,7,74,14,16
1290,62,1105,3,2024-09-26,7,74,13,15
1291,68,1125,3,2024-09-26,7,74,13,15
1292,67,1145,3,2024-09-26,7,73,7,14
1293,68,1165,3,2024-09-26,7,73,10,14
1294,67,1185,3,2024-09-26,6,73,19,14
1295,61,1205,3,2024-09-26,7,73,21,15
1296,53,1225,3,2024-09-26,7,74,7,15
1297,49,1245,3,2024-09-26,7,74,7,15
1298,39,1265,3,2024-09-26,6,74,12,14
1299,29,1285,3,2024-09-26,6,74,21,14
1300,35,1305,3,2024-09-26,6,74,13,14
1301,1,365,4,2024-09-27,12,59,2,17
1302,1,385,4,2024-09-27,12,59,2,16
1303,16,405,4,2024-09-27,12,58,2,17
1304,22,425,4,2024-09-27,12,59,2,17
1305,32,445,4,2024-09-27,12,56,33,17
1306,35,465,4,2024-09-27,12,56,33,17
1307,32,485,4,2024-09-27,12,55,13,17
1308,31,505,4,2024-09-27,12,55,13,17
1309,35,525,4,2024-09-27,11,55,43,17
1310,24,545,4,2024-09-27,11,55,43,17
1311,19,565,4,2024-09-27,12,54,49,17
1312,21,585,4,2024-09-27,12,54,49,17
1313,25,605,4,2024-09-27,12,53,55,17
1314,36,626,4,2024-09-27,12,52,43,16
1315,34,645,4,2024-09-27,12,52,59,16
1316,39,665,4,2024-09-27,12,52,49,16
1317,46,685,4,2024-09-27,12,52,49,16
1318,47,705,4,2024-09-27,12,52,59,16
1319,39,725,4,2024-09-27,12,52,59,16
1320,47,745,4,2024-09-27,12,52,41,18
1321,36,765,4,2024-09-27,11,52,48,17
1322,28,785,4,2024-09-27,11,52,48,17
1323,33,805,4,2024-09-27,12,51,58,15
1324,28,825,4,2024-09-27,13,50,48,15
1325,27,845,4,2024-09-27,13,50,48,15
1326,34,865,4,2024-09-27,13,50,69,13
1327,37,885,4,2024-09-27,13,50,72,13
1328,36,905,4,2024-09-27,13,51,57,13
1329,50,925,4,2024-09-27,4,65,50,14
1330,58,945,4,2024-09-27,4,66,59,13
1331,49,965,4,2024-09-27,4,66,58,13
1332,66,985,4,2024-09-27,4,68,47,12
1333,81,1005,4,2024-09-27,4,68,50,12
1334,79,1025,4,2024-09-27,4,68,50,12
1335,78,1045,4,2024-09-27,4,68,52,10
1336,69,1065,4,2024-09-27,4,68,53,10
1337,65,1085,4,2024-09-27,4,69,67,9
1338,46,1105,4,2024-09-27,4,69,59,8
1339,55,1125,4,2024-09-27,4,69,59,8
1340,61,1145,4,2024-09-27,4,71,48,8
1341,56,1165,4,2024-09-27,4,71,51,8
1342,63,1185,4,2024-09-27,4,71,30,10
1343,57,1205,4,2024-09-27,4,71,30,10
1344,52,1225,4,2024-09-27,4,72,46,8
1345,47,1245,4,2024-09-27,4,72,43,8
1346,51,1265,4,2024-09-27,4,74,40,8
1347,45,1285,4,2024-09-27,4,74,40,8
1348,41,1305,4,2024-09-27,4,74,19,8
1349,0,365,5,2024-09-28,13,67,8,11
1350,0,385,5,2024-09-28,13,66,8,11
1351,0,405,5,2024-09-28,13,65,18,11
1352,0,425,5,2024-09-28,13,65,18,11
1353,0,445,5,2024-09-28,13,65,18,11
1354,1,465,5,2024-09-28,13,65,17,11
1355,1,485,5,2024-09-28,4,68,50,12
1356,21,505,5,2024-09-28,13,63,18,11
1357,25,525,5,2024-09-28,13,63,18,11
1358,23,545,5,2024-09-28,13,63,14,10
1359,18,565,5,2024-09-28,13,63,14,10
1360,16,585,5,2024-09-28,12,63,11,10
1361,15,605,5,2024-09-28,13,63,13,10
1362,22,625,5,2024-09-28,13,63,15,11
1363,25,645,5,2024-09-28,13,62,6,11
1364,35,665,5,2024-09-28,13,62,6,11
1365,40,685,5,2024-09-28,13,61,7,11
1366,41,705,5,2024-09-28,13,61,10,11
1367,37,726,5,2024-09-28,13,61,8,11
1368,36,745,5,2024-09-28,13,61,4,11
1369,40,765,5,2024-09-28,13,61,2,11
1370,41,785,5,2024-09-28,13,61,2,11
1371,34,805,5,2024-09-28,13,61,3,11
1372,35,825,5,2024-09-28,13,61,2,10
1373,34,846,5,2024-09-28,14,62,2,10
1374,33,866,5,2024-09-28,13,65,3,13
1375,30,885,5,2024-09-28,13,65,3,12
1376,33,905,5,2024-09-28,13,65,3,12
1377,36,925,5,2024-09-28,5,80,22,11
1378,35,945,5,2024-09-28,5,80,8,10
1379,40,965,5,2024-09-28,5,80,8,10
1380,41,985,5,2024-09-28,4,82,8,8
1381,53,1005,5,2024-09-28,5,82,8,8
1382,48,1025,5,2024-09-28,5,82,8,8
1383,44,1045,5,2024-09-28,5,83,8,11
1384,37,1065,5,2024-09-28,5,84,8,9
1385,30,1085,5,2024-09-28,5,84,8,9
1386,35,1105,5,2024-09-28,5,84,10,8
1387,32,1125,5,2024-09-28,5,84,10,8
1388,32,1145,5,2024-09-28,5,86,8,8
1389,37,1165,5,2024-09-28,5,86,8,9
1390,41,1185,5,2024-09-28,5,86,8,9
1391,51,1205,5,2024-09-28,5,86,8,9
1392,55,1225,5,2024-09-28,5,88,8,8
1393,45,1245,5,2024-09-28,5,88,8,8
1394,0,1265,5,2024-09-28,5,88,8,8
1395,0,1285,5,2024-09-28,5,90,8,9
1396,0,1305,5,2024-09-28,5,90,8,10
1397,0,405,6,2024-09-29,14,79,3,10
1398,0,425,6,2024-09-29,14,78,4,10
1399,0,445,6,2024-09-29,14,78,4,10
1400,1,465,6,2024-09-29,14,79,4,10
1401,0,486,6,2024-09-29,14,77,4,10
1402,13,505,6,2024-09-29,14,76,4,10
1403,25,525,6,2024-09-29,14,76,4,10
1404,29,545,6,2024-09-29,14,75,4,10
1405,29,565,6,2024-09-29,14,76,3,10
1406,25,585,6,2024-09-29,14,76,3,10
1407,25,605,6,2024-09-29,14,74,3,10
1408,26,625,6,2024-09-29,14,73,3,10
1409,28,645,6,2024-09-29,14,73,3,10
1410,35,665,6,2024-09-29,13,72,2,10
1411,40,685,6,2024-09-29,13,72,2,10
1412,46,705,6,2024-09-29,13,71,2,10
1413,44,725,6,2024-09-29,13,71,2,10
1414,39,745,6,2024-09-29,13,70,2,10
1415,34,765,6,2024-09-29,13,70,2,10
1416,37,786,6,2024-09-29,13,70,2,10
1417,25,805,6,2024-09-29,13,70,2,10
1418,26,825,6,2024-09-29,13,70,2,10
1419,24,845,6,2024-09-29,15,66,12,10
1420,25,865,6,2024-09-29,15,66,2,10
1421,27,885,6,2024-09-29,15,65,2,10
1422,23,905,6,2024-09-29,9,75,43,12
1423,27,926,6,2024-09-29,9,75,43,12
1424,27,946,6,2024-09-29,9,76,43,12
1425,25,965,6,2024-09-29,9,76,43,12
1426,32,985,6,2024-09-29,9,76,43,12
1427,33,1005,6,2024-09-29,9,76,43,12
1428,26,1025,6,2024-09-29,9,78,43,13
1429,34,1045,6,2024-09-29,9,80,43,14
1430,36,1065,6,2024-09-29,9,80,43,14
1431,32,1085,6,2024-09-29,9,80,43,14
1432,26,1105,6,2024-09-29,9,81,43,12
1433,35,1125,6,2024-09-29,9,81,43,12
1434,39,1145,6,2024-09-29,9,80,40,13
1435,45,1165,6,2024-09-29,8,81,42,12
1436,43,1185,6,2024-09-29,8,81,36,13
1437,37,1205,6,2024-09-29,8,81,36,13
1438,30,1225,6,2024-09-29,8,80,36,13
1439,25,1245,6,2024-09-29,8,80,36,13
1440,14,1265,6,2024-09-29,8,81,49,13
1441,0,1285,6,2024-09-29,8,81,49,13
1442,0,1305,6,2024-09-29,8,81,49,12
1443,0,365,0,2024-09-30,14,81,90,17
1444,0,385,0,2024-09-30,14,82,93,18
1445,19,405,0,2024-09-30,14,81,83,16
1446,35,425,0,2024-09-30,14,80,90,16
1447,40,445,0,2024-09-30,14,81,83,18
1448,30,465,0,2024-09-30,14,81,93,16
1449,33,485,0,2024-09-30,14,80,78,17
1450,30,505,0,2024-09-30,14,81,60,17
1451,34,526,0,2024-09-30,14,81,47,15
1452,32,546,0,2024-09-30,14,81,47,15
1453,36,565,0,2024-09-30,14,80,55,17
1454,30,585,0,2024-09-30,14,80,67,16
1455,25,605,0,2024-09-30,14,81,58,17
1456,34,625,0,2024-09-30,14,81,46,17
1457,34,645,0,2024-09-30,14,79,44,17
1458,32,665,0,2024-09-30,14,79,44,17
1459,40,685,0,2024-09-30,14,78,34,16
1460,43,705,0,2024-09-30,14,77,31,17
1461,36,725,0,2024-09-30,14,78,31,17
1462,32,745,0,2024-09-30,14,78,31,16
1463,33,765,0,2024-09-30,14,78,31,16
1464,28,785,0,2024-09-30,14,77,49,15
1465,30,805,0,2024-09-30,14,77,43,16
1466,25,825,0,2024-09-30,14,77,57,15
1467,14,845,0,2024-09-30,15,77,13,14
1468,23,865,0,2024-09-30,15,78,7,14
1469,24,886,0,2024-09-30,15,78,13,14
1470,21,905,0,2024-09-30,9,83,15,15
1471,27,925,0,2024-09-30,9,83,13,15
1472,27,945,0,2024-09-30,9,83,12,14
1473,28,965,0,2024-09-30,9,83,11,13
1474,30,985,0,2024-09-30,9,84,10,13
1475,38,1005,0,2024-09-30,9,83,12,13
1476,53,1025,0,2024-09-30,9,84,12,13
1477,66,1045,0,2024-09-30,9,84,12,13
1478,65,1065,0,2024-09-30,9,84,12,13
1479,55,1085,0,2024-09-30,9,83,13,13
1480,55,1105,0,2024-09-30,9,84,12,13
1481,55,1125,0,2024-09-30,10,84,12,13
1482,57,1145,0,2024-09-30,10,84,30,13
1483,77,1165,0,2024-09-30,10,84,11,13
1484,76,1185,0,2024-09-30,10,84,15,13
1485,88,1205,0,2024-09-30,10,85,14,13
1486,91,1225,0,2024-09-30,9,85,13,12
1487,86,1245,0,2024-09-30,10,85,15,14
1488,72,1265,0,2024-09-30,10,85,17,14
1489,65,1285,0,2024-09-30,10,85,15,14
1490,56,1305,0,2024-09-30,10,85,15,14
1491,0,365,1,2024-10-01,14,76,14,20
1492,1,385,1,2024-10-01,14,76,11,20
1493,23,405,1,2024-10-01,14,75,11,19
1494,43,425,1,2024-10-01,14,74,10,19
1495,54,445,1,2024-10-01,14,75,11,19
1496,52,465,1,2024-10-01,14,74,11,20
1497,40,485,1,2024-10-01,14,74,11,20
1498,36,505,1,2024-10-01,14,74,14,19
1499,34,525,1,2024-10-01,14,74,21,19
1500,40,545,1,2024-10-01,14,74,21,19
1501,44,565,1,2024-10-01,14,73,20,19
1502,31,586,1,2024-10-01,14,73,14,19
1503,19,605,1,2024-10-01,14,73,14,19
1504,33,625,1,2024-10-01,14,73,15,19
1505,32,645,1,2024-10-01,14,72,11,19
1506,35,665,1,2024-10-01,14,71,12,20
1507,36,685,1,2024-10-01,14,73,13,19
1508,29,705,1,2024-10-01,14,70,6,19
1509,24,725,1,2024-10-01,14,71,6,18
1510,22,745,1,2024-10-01,14,69,6,18
1511,22,765,1,2024-10-01,14,69,6,18
1512,19,785,1,2024-10-01,14,70,5,19
1513,21,805,1,2024-10-01,14,70,5,18
1514,25,825,1,2024-10-01,14,70,5,18
1515,27,845,1,2024-10-01,16,70,7,18
1516,35,866,1,2024-10-01,16,70,7,18
1517,32,885,1,2024-10-01,15,72,7,17
1518,32,905,1,2024-10-01,15,71,6,17
1519,36,925,1,2024-10-01,9,79,30,17
1520,43,945,1,2024-10-01,9,79,30,17
1521,27,965,1,2024-10-01,9,79,31,18
1522,70,985,1,2024-10-01,9,80,30,17
1523,63,1005,1,2024-10-01,9,80,30,17
1524,56,1025,1,2024-10-01,9,80,30,17
1525,67,1045,1,2024-10-01,9,81,30,16
1526,65,1065,1,2024-10-01,9,81,12,14
1527,75,1085,1,2024-10-01,9,81,30,16
1528,67,1105,1,2024-10-01,9,81,30,15
1529,65,1125,1,2024-10-01,9,82,30,15
1530,63,1145,1,2024-10-01,9,83,30,14
1531,59,1165,1,2024-10-01,9,82,31,14
1532,82,1185,1,2024-10-01,9,82,31,14
1533,84,1205,1,2024-10-01,9,82,10,16
1534,77,1225,1,2024-10-01,9,82,10,16
1535,76,1245,1,2024-10-01,9,82,14,14
1536,63,1265,1,2024-10-01,9,82,12,13
1537,65,1285,1,2024-10-01,9,82,8,13
1538,63,1305,1,2024-10-01,9,82,8,13
1539,28,365,2,2024-10-02,14,74,5,14
1540,29,385,2,2024-10-02,14,74,5,14
1541,25,405,2,2024-10-02,14,74,5,14
1542,38,425,2,2024-10-02,14,73,5,14
1543,46,445,2,2024-10-02,14,72,5,14
1544,41,465,2,2024-10-02,14,72,5,14
1545,37,485,2,2024-10-02,14,72,5,14
1546,32,506,2,2024-10-02,15,73,5,14
1547,38,525,2,2024-10-02,14,71,4,14
1548,35,545,2,2024-10-02,14,71,4,14
1549,42,565,2,2024-10-02,14,71,4,14
1550,46,585,2,2024-10-02,14,71,4,14
1551,36,605,2,2024-10-02,14,70,4,13
1552,42,625,2,2024-10-02,14,70,4,14
1553,37,645,2,2024-10-02,14,69,4,13
1554,39,665,2,2024-10-02,14,69,4,13
1555,44,685,2,2024-10-02,14,70,3,12
1556,45,705,2,2024-10-02,14,68,3,12
1557,34,725,2,2024-10-02,15,70,2,14
1558,36,745,2,2024-10-02,15,70,2,14
1559,30,765,2,2024-10-02,15,70,2,14
1560,37,785,2,2024-10-02,15,70,2,14
1561,31,805,2,2024-10-02,15,69,2,15
1562,26,825,2,2024-10-02,15,69,2,15
1563,30,845,2,2024-10-02,15,69,2,15
1564,37,865,2,2024-10-02,15,71,2,14
1565,41,885,2,2024-10-02,15,70,2,13
1566,50,905,2,2024-10-02,15,70,2,13
1567,43,925,2,2024-10-02,6,85,9,11
1568,37,945,2,2024-10-02,6,85,9,11
1569,42,965,2,2024-10-02,6,85,9,10
1570,47,985,2,2024-10-02,6,87,9,13
1571,64,1005,2,2024-10-02,6,87,9,12
1572,71,1025,2,2024-10-02,6,87,9,12
1573,51,1045,2,2024-10-02,6,88,9,11
1574,56,1065,2,2024-10-02,6,88,9,8
1575,65,1085,2,2024-10-02,6,90,9,8
1576,65,1105,2,2024-10-02,6,90,9,8
1577,48,1125,2,2024-10-02,6,90,9,7
1578,45,1145,2,2024-10-02,6,90,8,6
1579,48,1165,2,2024-10-02,6,91,8,7
1580,38,1185,2,2024-10-02,6,90,8,5
1581,37,1205,2,2024-10-02,6,91,8,5
1582,35,1225,2,2024-10-02,6,91,8,5
1583,37,1245,2,2024-10-02,6,92,9,5
1584,37,1265,2,2024-10-02,6,92,9,5
1585,36,1285,2,2024-10-02,6,93,8,4
1586,32,1305,2,2024-10-02,6,93,8,4
1587,0,365,3,2024-10-03,13,83,9,9
1588,1,385,3,2024-10-03,13,83,9,9
1589,8,405,3,2024-10-03,13,81,9,9
1590,31,426,3,2024-10-03,13,81,5,9
1591,35,445,3,2024-10-03,13,82,5,9
1592,36,465,3,2024-10-03,13,82,5,9
1593,31,485,3,2024-10-03,13,81,6,8
1594,25,505,3,2024-10-03,13,80,6,9
1595,19,525,3,2024-10-03,13,80,6,9
1596,20,545,3,2024-10-03,13,79,6,9
1597,25,566,3,2024-10-03,13,81,6,9
1598,22,585,3,2024-10-03,13,81,6,9
1599,24,605,3,2024-10-03,13,80,6,9
1600,27,625,3,2024-10-03,13,80,6,9
1601,26,645,3,2024-10-03,13,79,6,9
1602,24,665,3,2024-10-03,13,79,6,9
1603,26,685,3,2024-10-03,13,80,5,9
1604,31,705,3,2024-10-03,13,80,5,9
1605,25,725,3,2024-10-03,13,78,5,9
1606,27,745,3,2024-10-03,13,78,5,9
1607,33,765,3,2024-10-03,13,77,4,9
1608,29,785,3,2024-10-03,13,78,4,9
1609,27,805,3,2024-10-03,13,76,4,9
1610,26,825,3,2024-10-03,13,76,4,9
1611,20,845,3,2024-10-03,13,76,4,9
1612,21,865,3,2024-10-03,14,74,3,10
1613,21,886,3,2024-10-03,13,74,2,9
1614,26,905,3,2024-10-03,9,83,7,10
1615,25,926,3,2024-10-03,9,83,7,9
1616,29,945,3,2024-10-03,9,83,7,10
1617,25,965,3,2024-10-03,9,83,7,10
1618,37,986,3,2024-10-03,9,83,7,11
1619,46,1005,3,2024-10-03,9,84,7,10
1620,45,1026,3,2024-10-03,9,83,7,11
1621,50,1045,3,2024-10-03,9,84,7,10
1622,50,1066,3,2024-10-03,9,84,7,10
1623,44,1086,3,2024-10-03,9,84,6,11
1624,39,1105,3,2024-10-03,9,84,6,10
1625,38,1125,3,2024-10-03,9,83,6,11
1626,44,1145,3,2024-10-03,9,84,6,10
1627,47,1166,3,2024-10-03,9,85,6,10
1628,58,1186,3,2024-10-03,9,85,6,10
1629,53,1206,3,2024-10-03,9,84,6,10
1630,51,1226,3,2024-10-03,9,84,6,10
1631,45,1245,3,2024-10-03,9,85,6,10
1632,45,1265,3,2024-10-03,9,85,6,10
1633,40,1286,3,2024-10-03,9,87,6,10
1634,36,1305,3,2024-10-03,9,86,6,10
1635,1,365,4,2024-10-04,15,71,13,14
1636,1,385,4,2024-10-04,15,71,13,14
1637,15,405,4,2024-10-04,15,71,13,14
1638,35,425,4,2024-10-04,15,70,13,14
1639,34,445,4,2024-10-04,15,71,11,13
1640,33,465,4,2024-10-04,15,70,13,13
1641,37,485,4,2024-10-04,15,70,13,13
1642,35,506,4,2024-10-04,15,71,14,13
1643,42,525,4,2024-10-04,15,71,14,13
1644,45,545,4,2024-10-04,15,69,32,13
1645,41,566,4,2024-10-04,15,69,24,13
1646,37,585,4,2024-10-04,15,68,37,13
1647,39,605,4,2024-10-04,15,65,13,15
1648,41,626,4,2024-10-04,15,64,24,14
1649,34,645,4,2024-10-04,15,65,62,13
1650,33,666,4,2024-10-04,16,64,84,14
1651,45,686,4,2024-10-04,16,64,84,14
1652,45,706,4,2024-10-04,16,63,59,15
1653,39,726,4,2024-10-04,16,63,59,15
1654,39,745,4,2024-10-04,15,64,56,13
1655,39,765,4,2024-10-04,15,64,75,14
1656,34,785,4,2024-10-04,15,65,63,13
1657,37,805,4,2024-10-04,15,67,33,11
1658,37,825,4,2024-10-04,15,67,32,11
1659,35,845,4,2024-10-04,15,67,32,11
1660,32,865,4,2024-10-04,14,68,20,12
1661,32,886,4,2024-10-04,15,68,59,12
1662,37,905,4,2024-10-04,15,68,59,12
1663,43,925,4,2024-10-04,11,77,66,9
1664,55,945,4,2024-10-04,11,77,66,9
1665,59,965,4,2024-10-04,11,78,67,9
1666,69,985,4,2024-10-04,11,79,92,8
1667,83,1005,4,2024-10-04,11,79,86,8
1668,82,1026,4,2024-10-04,11,80,92,7
1669,81,1045,4,2024-10-04,11,80,38,8
1670,77,1065,4,2024-10-04,11,80,39,8
1671,76,1085,4,2024-10-04,11,80,39,8
1672,68,1106,4,2024-10-04,11,79,39,8
1673,57,1125,4,2024-10-04,11,79,38,8
1674,55,1146,4,2024-10-04,11,79,58,8
1675,49,1166,4,2024-10-04,11,80,59,8
1676,45,1185,4,2024-10-04,11,81,60,7
1677,46,1206,4,2024-10-04,11,80,64,8
1678,49,1225,4,2024-10-04,11,80,63,8
1679,57,1246,4,2024-10-04,11,80,61,8
1680,61,1265,4,2024-10-04,11,80,56,8
1681,55,1285,4,2024-10-04,11,80,49,7
1682,47,1305,4,2024-10-04,11,80,44,7
1683,1,366,5,2024-10-05,16,78,4,10
1684,1,386,5,2024-10-05,15,77,34,10
1685,0,405,5,2024-10-05,16,78,12,10
1686,0,426,5,2024-10-05,16,78,12,10
1687,0,445,5,2024-10-05,16,79,33,10
1688,0,465,5,2024-10-05,16,79,33,10
1689,3,486,5,2024-10-05,16,77,5,10
1690,12,505,5,2024-10-05,15,77,5,9
1691,15,525,5,2024-10-05,15,77,5,9
1692,18,545,5,2024-10-05,15,76,5,10
1693,17,565,5,2024-10-05,15,76,4,9
1694,19,585,5,2024-10-05,15,76,4,9
1695,32,605,5,2024-10-05,15,73,4,9
1696,47,625,5,2024-10-05,15,73,4,9
1697,49,645,5,2024-10-05,16,72,3,9
1698,50,666,5,2024-10-05,16,71,2,9
1699,45,685,5,2024-10-05,16,70,2,9
1700,51,705,5,2024-10-05,16,71,2,9
1701,47,725,5,2024-10-05,16,70,2,9
1702,44,745,5,2024-10-05,16,69,2,9
1703,34,765,5,2024-10-05,16,69,2,9
1704,32,786,5,2024-10-05,18,66,2,10
1705,33,805,5,2024-10-05,16,65,2,10
1706,35,826,5,2024-10-05,16,66,2,10
1707,35,845,5,2024-10-05,16,66,2,10
1708,35,865,5,2024-10-05,16,68,2,8
1709,37,885,5,2024-10-05,16,67,2,8
1710,39,905,5,2024-10-05,16,67,2,8
1711,35,925,5,2024-10-05,9,80,14,8
1712,29,945,5,2024-10-05,9,80,14,8
1713,35,965,5,2024-10-05,9,82,14,8
1714,36,985,5,2024-10-05,9,82,14,8
1715,31,1005,5,2024-10-05,9,82,24,8
1716,26,1025,5,2024-10-05,9,82,24,8
1717,31,1045,5,2024-10-05,9,85,24,9
1718,38,1065,5,2024-10-05,9,85,24,9
1719,39,1085,5,2024-10-05,8,86,24,8
1720,44,1106,5,2024-10-05,9,87,24,8
1721,47,1125,5,2024-10-05,9,87,24,8
1722,51,1145,5,2024-10-05,9,87,24,8
1723,45,1166,5,2024-10-05,9,87,24,8
1724,41,1185,5,2024-10-05,9,87,24,8
1725,37,1206,5,2024-10-05,9,86,24,8
1726,36,1225,5,2024-10-05,9,86,24,8
1727,0,1245,5,2024-10-05,9,86,7,8
1728,0,1265,5,2024-10-05,9,87,7,8
1729,0,1285,5,2024-10-05,8,88,7,7
1730,0,1305,5,2024-10-05,9,86,7,9
1731,0,365,6,2024-10-06,13,82,67,13
1732,0,385,6,2024-10-06,13,82,67,13
1733,0,406,6,2024-10-06,13,81,94,12
1734,0,426,6,2024-10-06,13,82,71,12
1735,0,445,6,2024-10-06,13,81,69,12
1736,0,466,6,2024-10-06,13,81,91,12
1737,2,486,6,2024-10-06,13,81,91,12
1738,9,505,6,2024-10-06,13,81,91,12
1739,24,525,6,2024-10-06,13,81,95,12
1740,28,546,6,2024-10-06,13,81,92,12
1741,26,565,6,2024-10-06,13,82,94,12
1742,25,585,6,2024-10-06,13,82,93,12
1743,16,605,6,2024-10-06,13,82,94,13
1744,24,625,6,2024-10-06,13,82,94,13
1745,28,646,6,2024-10-06,14,81,68,13
1746,35,666,6,2024-10-06,14,81,69,13
1747,38,685,6,2024-10-06,14,82,65,15
1748,22,705,6,2024-10-06,14,82,65,15
1749,26,726,6,2024-10-06,14,81,88,14
1750,28,746,6,2024-10-06,13,81,90,13
1751,29,765,6,2024-10-06,13,82,81,12
1752,25,785,6,2024-10-06,13,82,62,10
1753,20,806,6,2024-10-06,13,82,59,10
1754,11,826,6,2024-10-06,13,82,51,10
1755,12,846,6,2024-10-06,13,82,53,10
1756,15,866,6,2024-10-06,13,84,47,9
1757,24,885,6,2024-10-06,13,84,79,9
1758,16,905,6,2024-10-06,13,84,79,9
1759,23,926,6,2024-10-06,10,92,77,11
1760,25,945,6,2024-10-06,10,92,77,11
1761,28,965,6,2024-10-06,10,92,77,10
1762,26,985,6,2024-10-06,10,92,77,10
1763,35,1006,6,2024-10-06,11,93,74,11
1764,35,1026,6,2024-10-06,10,93,74,11
1765,36,1046,6,2024-10-06,11,93,74,8
1766,38,1065,6,2024-10-06,11,93,88,8
1767,45,1086,6,2024-10-06,11,93,77,8
1768,42,1105,6,2024-10-06,11,94,91,8
1769,33,1125,6,2024-10-06,11,94,86,8
1770,31,1145,6,2024-10-06,11,94,86,8
1771,25,1166,6,2024-10-06,11,94,94,8
1772,20,1186,6,2024-10-06,11,94,94,8
1773,21,1206,6,2024-10-06,11,95,90,9
1774,25,1225,6,2024-10-06,11,95,90,9
1775,25,1246,6,2024-10-06,11,95,99,8
1776,2,1265,6,2024-10-06,11,95,96,8
1777,1,1286,6,2024-10-06,10,94,100,8
1778,1,1305,6,2024-10-06,11,94,99,9
1779,2,365,0,2024-10-07,15,87,39,8
1780,2,385,0,2024-10-07,15,87,31,8
1781,19,405,0,2024-10-07,15,86,17,8
1782,50,426,0,2024-10-07,15,86,17,8
1783,57,445,0,2024-10-07,15,86,33,8
1784,43,465,0,2024-10-07,15,86,33,8
1785,39,486,0,2024-10-07,15,86,17,8
1786,32,506,0,2024-10-07,16,84,72,8
1787,32,525,0,2024-10-07,16,84,72,8
1788,32,546,0,2024-10-07,16,83,16,8
1789,39,565,0,2024-10-07,16,82,30,8
1790,40,586,0,2024-10-07,16,82,30,8
1791,38,605,0,2024-10-07,16,81,30,8
1792,40,625,0,2024-10-07,16,81,30,8
1793,46,645,0,2024-10-07,16,79,10,9
1794,49,665,0,2024-10-07,16,79,10,9
1795,56,685,0,2024-10-07,16,80,13,8
1796,56,706,0,2024-10-07,16,81,12,8
1797,44,725,0,2024-10-07,16,79,9,8
1798,44,745,0,2024-10-07,16,79,9,8
1799,34,766,0,2024-10-07,16,78,10,7
1800,27,785,0,2024-10-07,16,78,10,8
1801,32,806,0,2024-10-07,16,77,8,7
1802,22,825,0,2024-10-07,16,77,8,6
1803,29,845,0,2024-10-07,16,77,12,7
1804,40,865,0,2024-10-07,16,76,9,5
1805,40,886,0,2024-10-07,16,76,9,5
1806,35,905,0,2024-10-07,10,88,24,10
1807,42,925,0,2024-10-07,16,76,9,5
1808,45,946,0,2024-10-07,10,88,24,10
1809,38,966,0,2024-10-07,10,88,24,10
1810,46,986,0,2024-10-07,10,90,31,9
1811,55,1006,0,2024-10-07,10,91,24,10
1812,65,1026,0,2024-10-07,10,92,43,10
1813,72,1046,0,2024-10-07,10,92,32,10
1814,74,1065,0,2024-10-07,10,92,24,10
1815,75,1086,0,2024-10-07,10,92,59,10
1816,71,1106,0,2024-10-07,10,92,59,10
1817,78,1126,0,2024-10-07,10,92,52,10
1818,75,1146,0,2024-10-07,10,92,52,10
1819,83,1165,0,2024-10-07,10,93,50,10
1820,87,1185,0,2024-10-07,10,94,57,10
1821,75,1205,0,2024-10-07,10,94,67,10
1822,63,1225,0,2024-10-07,10,95,67,10
1823,69,1246,0,2024-10-07,10,95,67,10
1824,80,1266,0,2024-10-07,10,93,68,10
1825,85,1286,0,2024-10-07,10,93,24,10
1826,75,1305,0,2024-10-07,10,93,88,10
1827,33,365,1,2024-10-08,13,86,39,18
1828,0,385,1,2024-10-08,13,85,37,17
1829,9,405,1,2024-10-08,13,86,50,18
1830,12,705,1,2024-10-08,12,83,70,16
1831,12,725,1,2024-10-08,13,84,75,17
1832,12,746,1,2024-10-08,13,85,80,17
1833,12,765,1,2024-10-08,13,84,66,17
1834,12,786,1,2024-10-08,13,84,66,17
1835,12,805,1,2024-10-08,13,85,51,16
1836,12,825,1,2024-10-08,13,85,51,16
1837,12,845,1,2024-10-08,12,85,43,16
1838,12,866,1,2024-10-08,14,83,51,15
1839,12,885,1,2024-10-08,14,83,51,15
1840,12,905,1,2024-10-08,14,83,42,16
1841,12,925,1,2024-10-08,9,85,43,17
1842,12,946,1,2024-10-08,9,85,48,17
1843,12,965,1,2024-10-08,9,84,42,17
1844,12,986,1,2024-10-08,8,84,33,16
1845,12,1005,1,2024-10-08,8,84,35,16
1846,12,1026,1,2024-10-08,8,85,56,15
1847,12,1046,1,2024-10-08,9,85,53,16
1848,12,1065,1,2024-10-08,9,85,53,16
1849,14,1086,1,2024-10-08,9,85,66,16
1850,22,1105,1,2024-10-08,9,85,67,16
1851,55,1125,1,2024-10-08,9,85,67,16
1852,58,1145,1,2024-10-08,8,85,90,16
1853,56,1166,1,2024-10-08,8,85,90,16
1854,69,1185,1,2024-10-08,8,86,91,16
1855,73,1205,1,2024-10-08,8,86,96,15
1856,63,1225,1,2024-10-08,8,86,96,15
1857,65,1245,1,2024-10-08,8,87,88,16
1858,62,1265,1,2024-10-08,9,86,84,16
1859,60,1285,1,2024-10-08,9,86,84,16
1860,56,1305,1,2024-10-08,9,86,86,16
1861,13,365,2,2024-10-09,11,75,11,23
1862,15,385,2,2024-10-09,11,75,16,23
1863,25,405,2,2024-10-09,11,74,30,22
1864,39,425,2,2024-10-09,11,74,32,22
1865,44,445,2,2024-10-09,11,74,30,22
1866,41,465,2,2024-10-09,11,75,32,22
1867,38,485,2,2024-10-09,10,74,18,21
1868,35,505,2,2024-10-09,10,74,18,21
1869,33,525,2,2024-10-09,10,72,17,22
1870,40,545,2,2024-10-09,11,72,10,22
1871,39,565,2,2024-10-09,11,72,10,22
1872,31,585,2,2024-10-09,11,72,8,22
1873,28,605,2,2024-10-09,11,72,8,22
1874,37,625,2,2024-10-09,11,71,6,22
1875,34,645,2,2024-10-09,11,71,7,22
1876,35,665,2,2024-10-09,12,70,5,22
1877,47,685,2,2024-10-09,12,70,5,22
1878,39,706,2,2024-10-09,12,70,8,22
1879,26,725,2,2024-10-09,12,70,5,21
1880,29,745,2,2024-10-09,12,69,11,21
1881,30,765,2,2024-10-09,12,70,6,20
1882,28,785,2,2024-10-09,12,70,4,20
1883,34,805,2,2024-10-09,12,70,4,20
1884,35,825,2,2024-10-09,11,71,2,20
1885,33,845,2,2024-10-09,11,71,2,20
1886,26,866,2,2024-10-09,11,69,2,21
1887,29,885,2,2024-10-09,11,68,2,19
1888,43,905,2,2024-10-09,11,68,2,19
1889,58,926,2,2024-10-09,3,72,19,18
1890,55,945,2,2024-10-09,3,72,31,17
1891,56,965,2,2024-10-09,3,72,18,17
1892,64,985,2,2024-10-09,3,72,18,16
1893,50,1006,2,2024-10-09,3,72,9,16
1894,54,1026,2,2024-10-09,3,71,16,21
1895,53,1045,2,2024-10-09,3,71,16,21
1896,52,1066,2,2024-10-09,3,71,33,16
1897,52,1085,2,2024-10-09,3,71,9,19
1898,56,1105,2,2024-10-09,3,70,14,15
1899,43,1125,2,2024-10-09,3,70,36,13
1900,47,1146,2,2024-10-09,3,71,49,15
1901,55,1165,2,2024-10-09,3,73,33,11
1902,48,1185,2,2024-10-09,3,73,33,11
1903,58,1205,2,2024-10-09,3,74,46,11
1904,60,1225,2,2024-10-09,3,74,46,11
1905,62,1245,2,2024-10-09,3,73,39,10
1906,61,1265,2,2024-10-09,3,73,49,10
1907,55,1285,2,2024-10-09,3,75,59,10
1908,47,1305,2,2024-10-09,3,75,43,10
1909,1,366,3,2024-10-10,11,61,58,12
1910,1,386,3,2024-10-10,11,61,54,12
1911,22,405,3,2024-10-10,11,61,46,13
1912,42,425,3,2024-10-10,11,61,46,13
1913,42,445,3,2024-10-10,11,59,46,13
1914,42,465,3,2024-10-10,11,59,46,13
1915,36,486,3,2024-10-10,11,58,59,13
1916,25,505,3,2024-10-10,11,57,40,13
1917,27,525,3,2024-10-10,11,57,40,13
1918,25,546,3,2024-10-10,11,56,1,12
1919,27,565,3,2024-10-10,11,56,1,12
1920,35,586,3,2024-10-10,11,56,1,13
1921,35,605,3,2024-10-10,11,54,1,12
1922,28,625,3,2024-10-10,10,53,1,12
1923,21,685,3,2024-10-10,10,53,1,13
1924,23,705,3,2024-10-10,10,53,1,13
1925,26,725,3,2024-10-10,10,52,1,13
1926,33,745,3,2024-10-10,10,52,2,12
1927,33,765,3,2024-10-10,10,51,1,12
1928,31,785,3,2024-10-10,10,52,1,12
1929,29,806,3,2024-10-10,10,51,10,11
1930,14,825,3,2024-10-10,10,50,2,11
1931,13,846,3,2024-10-10,11,50,4,12
1932,13,865,3,2024-10-10,11,49,4,12
1933,16,885,3,2024-10-10,11,49,4,12
1934,15,905,3,2024-10-10,11,51,17,12
1935,20,926,3,2024-10-10,4,72,43,13
1936,31,946,3,2024-10-10,4,72,33,13
1937,26,966,3,2024-10-10,4,73,43,13
1938,30,986,3,2024-10-10,4,72,38,13
1939,37,1005,3,2024-10-10,4,73,45,13
1940,45,1025,3,2024-10-10,4,73,45,13
1941,45,1045,3,2024-10-10,4,74,19,13
1942,44,1065,3,2024-10-10,4,74,19,13
1943,53,1086,3,2024-10-10,4,75,38,12
1944,44,1105,3,2024-10-10,4,74,22,13
1945,45,1126,3,2024-10-10,4,74,19,13
1946,42,1145,3,2024-10-10,4,73,37,14
1947,35,1166,3,2024-10-10,4,75,18,13
1948,31,1185,3,2024-10-10,4,76,19,13
1949,40,1205,3,2024-10-10,4,76,19,13
1950,38,1225,3,2024-10-10,4,77,18,13
1951,42,1245,3,2024-10-10,4,77,19,13
1952,40,1265,3,2024-10-10,4,77,19,13
1953,41,1285,3,2024-10-10,4,78,24,13
1954,29,1305,3,2024-10-10,4,78,24,13
1955,0,366,4,2024-10-11,11,80,52,14
1956,0,386,4,2024-10-11,11,80,52,15
1957,21,405,4,2024-10-11,11,80,51,14
1958,29,425,4,2024-10-11,11,80,51,14
1959,31,446,4,2024-10-11,11,80,45,15
1960,25,465,4,2024-10-11,11,80,45,15
1961,30,486,4,2024-10-11,11,80,43,14
1962,35,506,4,2024-10-11,11,80,45,14
1963,29,525,4,2024-10-11,11,80,40,16
1964,33,546,4,2024-10-11,11,79,40,16
1965,29,566,4,2024-10-11,11,79,39,16
1966,41,585,4,2024-10-11,11,79,47,15
1967,33,605,4,2024-10-11,11,78,38,16
1968,40,625,4,2024-10-11,10,78,39,15
1969,47,645,4,2024-10-11,11,78,31,17
1970,41,665,4,2024-10-11,11,78,31,17
1971,45,686,4,2024-10-11,11,75,24,17
1972,45,705,4,2024-10-11,11,76,24,16
1973,40,725,4,2024-10-11,11,76,24,16
1974,38,746,4,2024-10-11,13,75,24,17
1975,35,765,4,2024-10-11,13,74,24,16
1976,33,786,4,2024-10-11,12,71,46,18
1977,40,805,4,2024-10-11,12,70,36,18
1978,47,825,4,2024-10-11,12,71,36,18
1979,47,845,4,2024-10-11,13,70,35,18
1980,43,865,4,2024-10-11,13,73,24,17
1981,41,885,4,2024-10-11,13,73,24,17
1982,40,906,4,2024-10-11,13,73,24,17
1983,47,925,4,2024-10-11,7,79,21,18
1984,47,945,4,2024-10-11,7,80,18,17
1985,48,966,4,2024-10-11,7,80,31,18
1986,65,985,4,2024-10-11,7,80,31,18
1987,76,1005,4,2024-10-11,7,79,72,17
1988,75,1026,4,2024-10-11,7,81,62,19
1989,63,1045,4,2024-10-11,7,81,33,18
1990,60,1065,4,2024-10-11,7,81,10,17
1991,64,1086,4,2024-10-11,7,81,10,17
1992,74,1105,4,2024-10-11,7,81,9,17
1993,65,1126,4,2024-10-11,7,81,9,17
1994,60,1145,4,2024-10-11,7,82,10,18
1995,52,1165,4,2024-10-11,7,82,10,18
1996,54,1186,4,2024-10-11,7,83,10,17
1997,58,1206,4,2024-10-11,7,82,11,18
1998,55,1226,4,2024-10-11,7,82,11,18
1999,51,1245,4,2024-10-11,7,82,7,17
2000,55,1266,4,2024-10-11,7,82,7,17
2001,49,1285,4,2024-10-11,7,82,34,17
2002,52,1305,4,2024-10-11,7,81,20,18
2003,19,365,5,2024-10-12,10,79,46,20
2004,19,385,5,2024-10-12,10,77,43,19
2005,19,405,5,2024-10-12,10,77,43,19
2006,19,425,5,2024-10-12,9,79,49,18
2007,19,445,5,2024-10-12,9,79,49,20
2008,1,466,5,2024-10-12,9,79,52,20
2009,5,485,5,2024-10-12,9,79,60,19
2010,24,505,5,2024-10-12,10,78,59,25
2011,32,525,5,2024-10-12,10,78,64,23
2012,27,546,5,2024-10-12,9,77,91,22
2013,24,566,5,2024-10-12,9,77,91,22
2014,25,585,5,2024-10-12,10,77,99,24
2015,25,605,5,2024-10-12,10,77,96,24
2016,34,626,5,2024-10-12,9,79,100,21
2017,39,645,5,2024-10-12,10,79,54,21
2018,45,665,5,2024-10-12,10,80,61,21
2019,40,686,5,2024-10-12,10,79,24,20
2020,32,705,5,2024-10-12,10,79,39,18
2021,32,726,5,2024-10-12,10,78,49,14
2022,32,745,5,2024-10-12,10,77,50,18
2023,38,765,5,2024-10-12,10,77,99,13
2024,33,785,5,2024-10-12,10,74,64,16
2025,25,805,5,2024-10-12,10,72,79,15
2026,25,825,5,2024-10-12,10,71,33,14
2027,21,846,5,2024-10-12,10,72,65,13
2028,26,865,5,2024-10-12,10,70,70,12
2029,29,886,5,2024-10-12,10,70,70,12
2030,36,905,5,2024-10-12,10,71,87,12
2031,43,926,5,2024-10-12,1,76,100,16
2032,35,946,5,2024-10-12,1,79,100,17
2033,32,966,5,2024-10-12,1,79,88,17
2034,35,985,5,2024-10-12,1,79,35,17
2035,42,1005,5,2024-10-12,1,79,35,17
2036,50,1026,5,2024-10-12,1,78,33,17
2037,47,1046,5,2024-10-12,1,77,52,17
2038,54,1065,5,2024-10-12,1,77,58,17
2039,45,1086,5,2024-10-12,1,77,54,16
2040,42,1106,5,2024-10-12,1,77,36,17
2041,30,1125,5,2024-10-12,1,77,36,17
2042,33,1145,5,2024-10-12,1,76,40,17
2043,38,1166,5,2024-10-12,1,77,43,17
2044,42,1186,5,2024-10-12,1,77,43,17
2045,47,1206,5,2024-10-12,1,77,59,17
2046,43,1226,5,2024-10-12,1,76,56,16
2047,38,1246,5,2024-10-12,1,76,56,16
2048,2,1265,5,2024-10-12,1,74,68,14
2049,1,1286,5,2024-10-12,1,74,4,15
2050,1,1306,5,2024-10-12,1,74,4,15
2051,1,365,6,2024-10-13,9,65,2,9
2052,1,385,6,2024-10-13,9,66,2,8
2053,1,405,6,2024-10-13,9,66,2,8
2054,1,425,6,2024-10-13,9,65,2,9
2055,1,445,6,2024-10-13,9,65,2,9
2056,1,465,6,2024-10-13,9,65,2,8
2057,5,485,6,2024-10-13,9,62,2,8
2058,14,506,6,2024-10-13,9,62,2,7
2059,25,525,6,2024-10-13,9,62,2,7
2060,25,545,6,2024-10-13,9,62,2,7
2061,27,565,6,2024-10-13,9,61,2,7
2062,22,585,6,2024-10-13,9,61,1,9
2063,22,605,6,2024-10-13,9,60,1,8
2064,34,626,6,2024-10-13,9,60,2,9
2065,35,645,6,2024-10-13,9,59,1,9
2066,37,665,6,2024-10-13,9,59,1,9
2067,34,686,6,2024-10-13,9,57,1,9
2068,34,705,6,2024-10-13,9,57,1,9
2069,34,726,6,2024-10-13,9,57,1,9
2070,37,746,6,2024-10-13,9,56,1,7
2071,38,765,6,2024-10-13,9,57,1,7
2072,30,785,6,2024-10-13,9,57,1,7
2073,33,806,6,2024-10-13,9,60,1,8
2074,39,825,6,2024-10-13,9,60,1,8
2075,42,845,6,2024-10-13,10,57,1,9
2076,31,865,6,2024-10-13,10,58,1,8
2077,35,885,6,2024-10-13,10,58,1,8
2078,27,905,6,2024-10-13,3,73,6,6
2079,30,925,6,2024-10-13,3,73,6,6
2080,32,945,6,2024-10-13,3,73,6,5
2081,32,966,6,2024-10-13,3,73,6,5
2082,37,985,6,2024-10-13,3,74,7,4
2083,38,1005,6,2024-10-13,3,74,7,4
2084,46,1025,6,2024-10-13,3,77,8,4
2085,39,1045,6,2024-10-13,3,77,7,7
2086,38,1065,6,2024-10-13,3,78,7,6
2087,37,1086,6,2024-10-13,3,80,7,4
2088,40,1105,6,2024-10-13,3,80,7,4
2089,39,1126,6,2024-10-13,3,81,23,4
2090,36,1145,6,2024-10-13,3,81,23,4
2091,40,1165,6,2024-10-13,3,82,22,4
2092,44,1185,6,2024-10-13,3,82,22,4
2093,40,1206,6,2024-10-13,3,83,24,4
2094,50,1225,6,2024-10-13,3,83,7,4
2095,47,1245,6,2024-10-13,3,83,13,4
2096,24,1266,6,2024-10-13,3,83,7,4
2097,13,1286,6,2024-10-13,3,83,7,4
2098,13,1305,6,2024-10-13,3,84,7,4
2099,12,365,0,2024-10-14,12,76,5,8
2100,1,386,0,2024-10-14,13,76,5,8
2101,15,406,0,2024-10-14,13,75,5,7
2102,41,425,0,2024-10-14,13,75,5,7
2103,54,445,0,2024-10-14,12,75,5,7
2104,44,465,0,2024-10-14,12,73,4,7
2105,44,486,0,2024-10-14,12,73,4,7
2106,42,506,0,2024-10-14,12,72,4,7
2107,41,525,0,2024-10-14,12,71,4,8
2108,34,545,0,2024-10-14,12,73,4,7
2109,35,565,0,2024-10-14,12,71,4,8
2110,40,586,0,2024-10-14,12,69,4,8
2111,42,605,0,2024-10-14,12,70,4,8
2112,37,625,0,2024-10-14,12,70,4,7
2113,35,645,0,2024-10-14,12,70,4,7
2114,45,665,0,2024-10-14,12,67,3,7
2115,47,685,0,2024-10-14,12,67,3,7
2116,45,706,0,2024-10-14,12,67,2,7
2117,40,726,0,2024-10-14,12,64,2,8
2118,39,746,0,2024-10-14,12,64,2,8
2119,26,765,0,2024-10-14,12,62,2,7
2120,25,785,0,2024-10-14,12,62,2,7
2121,25,806,0,2024-10-14,12,60,2,9
2122,23,825,0,2024-10-14,12,60,2,9
2123,28,846,0,2024-10-14,12,60,2,8
2124,38,865,0,2024-10-14,12,60,2,8
2125,38,885,0,2024-10-14,12,60,2,8
2126,32,905,0,2024-10-14,12,60,2,8
2127,36,925,0,2024-10-14,3,80,7,8
2128,54,945,0,2024-10-14,3,78,7,7
2129,58,965,0,2024-10-14,3,81,7,7
2130,61,986,0,2024-10-14,3,80,7,7
2131,62,1005,0,2024-10-14,3,80,7,7
2132,62,1026,0,2024-10-14,3,82,7,7
2133,69,1046,0,2024-10-14,3,82,7,7
2134,65,1065,0,2024-10-14,3,84,7,4
2135,75,1086,0,2024-10-14,3,83,7,4
2136,58,1105,0,2024-10-14,3,84,7,4
2137,62,1126,0,2024-10-14,2,85,7,4
2138,54,1145,0,2024-10-14,3,85,7,5
2139,68,1165,0,2024-10-14,3,85,7,4
2140,72,1185,0,2024-10-14,2,87,7,4
2141,79,1205,0,2024-10-14,3,88,7,4
2142,85,1225,0,2024-10-14,3,88,7,4
2143,89,1246,0,2024-10-14,3,89,7,4
2144,80,1266,0,2024-10-14,3,88,7,4
2145,72,1286,0,2024-10-14,3,88,7,6
2146,71,1305,0,2024-10-14,3,88,7,5
2147,0,365,1,2024-10-15,14,83,5,12
2148,0,385,1,2024-10-15,14,83,5,12
2149,14,405,1,2024-10-15,14,83,5,13
2150,33,425,1,2024-10-15,14,83,5,13
2151,40,446,1,2024-10-15,14,82,5,13
2152,42,465,1,2024-10-15,14,83,5,12
2153,33,485,1,2024-10-15,14,83,5,13
2154,25,506,1,2024-10-15,14,82,5,13
2155,33,525,1,2024-10-15,14,82,5,13
2156,33,546,1,2024-10-15,14,81,6,13
2157,26,566,1,2024-10-15,13,80,6,12
2158,22,585,1,2024-10-15,13,80,6,12
2159,20,606,1,2024-10-15,14,79,6,13
2160,31,625,1,2024-10-15,13,78,5,13
2161,25,645,1,2024-10-15,14,78,6,13
2162,26,665,1,2024-10-15,13,78,5,13
2163,26,685,1,2024-10-15,13,78,4,13
2164,22,705,1,2024-10-15,13,78,4,13
2165,14,725,1,2024-10-15,13,77,4,13
2166,9,745,1,2024-10-15,13,77,3,13
2167,15,765,1,2024-10-15,13,77,3,13
2168,16,785,1,2024-10-15,13,77,3,13
2169,19,805,1,2024-10-15,13,76,3,12
2170,13,825,1,2024-10-15,13,77,4,12
2171,11,846,1,2024-10-15,13,77,4,12
2172,11,866,1,2024-10-15,14,77,3,13
2173,11,885,1,2024-10-15,14,80,3,12
2174,15,905,1,2024-10-15,12,80,4,12
2175,25,925,1,2024-10-15,11,87,100,16
2176,48,945,1,2024-10-15,11,88,100,16
2177,65,965,1,2024-10-15,11,89,100,16
2178,85,985,1,2024-10-15,11,89,100,16
2179,64,1005,1,2024-10-15,11,89,100,16
2180,61,1025,1,2024-10-15,11,90,99,15
2181,63,1045,1,2024-10-15,11,89,99,17
2182,67,1065,1,2024-10-15,11,89,99,16
2183,67,1085,1,2024-10-15,11,90,99,15
2184,63,1105,1,2024-10-15,11,90,99,16
2185,58,1125,1,2024-10-15,11,90,99,15
2186,45,1145,1,2024-10-15,10,91,99,15
2187,45,1166,1,2024-10-15,11,91,99,15
2188,62,1185,1,2024-10-15,11,91,99,16
2189,58,1205,1,2024-10-15,11,92,99,16
2190,56,1225,1,2024-10-15,11,92,99,16
2191,55,1246,1,2024-10-15,11,93,99,15
2192,50,1265,1,2024-10-15,11,92,99,16
2193,42,1285,1,2024-10-15,11,93,99,15
2194,49,1305,1,2024-10-15,11,92,99,16
2195,15,365,2,2024-10-16,15,94,100,17
2196,15,385,2,2024-10-16,13,77,3,13
2197,17,406,2,2024-10-16,15,94,100,16
2198,26,425,2,2024-10-16,15,94,100,20
2199,35,445,2,2024-10-16,15,94,100,20
2200,27,465,2,2024-10-16,15,94,100,20
2201,23,485,2,2024-10-16,15,94,100,18
2202,25,505,2,2024-10-16,15,94,100,20
2203,30,525,2,2024-10-16,15,94,100,18
2204,29,545,2,2024-10-16,15,94,100,15
2205,32,565,2,2024-10-16,15,94,100,15
2206,35,585,2,2024-10-16,15,94,100,15
2207,35,605,2,2024-10-16,15,94,100,15
2208,48,625,2,2024-10-16,15,94,100,9
2209,44,645,2,2024-10-16,15,94,100,8
2210,50,665,2,2024-10-16,15,94,100,8
2211,57,685,2,2024-10-16,15,94,100,8
2212,47,705,2,2024-10-16,15,94,100,8
2213,38,725,2,2024-10-16,15,94,100,8
2214,37,745,2,2024-10-16,15,94,100,8
2215,26,765,2,2024-10-16,14,94,100,8
2216,40,785,2,2024-10-16,14,94,100,7
2217,52,805,2,2024-10-16,14,94,100,6
2218,39,825,2,2024-10-16,14,95,100,7
2219,37,845,2,2024-10-16,14,94,100,8
2220,42,865,2,2024-10-16,14,95,100,6
2221,48,885,2,2024-10-16,14,96,100,5
2222,44,905,2,2024-10-16,14,96,100,5
2223,45,925,2,2024-10-16,11,99,100,7
2224,45,945,2,2024-10-16,11,99,100,7
2225,42,966,2,2024-10-16,11,99,100,7
2226,50,985,2,2024-10-16,11,99,100,7
2227,52,1005,2,2024-10-16,11,98,100,6
2228,56,1025,2,2024-10-16,11,98,100,6
2229,63,1045,2,2024-10-16,11,98,100,6
2230,62,1065,2,2024-10-16,11,98,100,6
2231,59,1085,2,2024-10-16,11,98,100,6
2232,55,1105,2,2024-10-16,11,98,100,6
2233,59,1125,2,2024-10-16,11,99,100,5
2234,58,1145,2,2024-10-16,11,99,100,5
2235,45,1165,2,2024-10-16,11,100,100,5
2236,46,1185,2,2024-10-16,11,99,100,5
2237,56,1205,2,2024-10-16,11,98,100,5
2238,52,1225,2,2024-10-16,11,98,100,5
2239,45,1245,2,2024-10-16,11,98,100,5
2240,46,1265,2,2024-10-16,11,98,100,5
2241,44,1286,2,2024-10-16,11,100,100,5
2242,50,1305,2,2024-10-16,11,100,100,5
2243,16,366,3,2024-10-17,15,85,14,14
2244,16,385,3,2024-10-17,15,85,13,14
2245,18,405,3,2024-10-17,15,85,10,14
2246,28,425,3,2024-10-17,15,84,10,14
2247,29,445,3,2024-10-17,15,84,11,14
2248,29,465,3,2024-10-17,15,84,10,14
2249,25,485,3,2024-10-17,16,83,10,14
2250,20,505,3,2024-10-17,16,83,11,14
2251,20,525,3,2024-10-17,16,83,5,14
2252,21,545,3,2024-10-17,16,81,5,16
2253,21,565,3,2024-10-17,16,81,5,16
2254,17,585,3,2024-10-17,16,80,5,13
2255,25,605,3,2024-10-17,16,80,5,13
2256,26,625,3,2024-10-17,16,80,5,13
2257,30,645,3,2024-10-17,16,77,5,17
2258,25,665,3,2024-10-17,16,77,6,11
2259,25,685,3,2024-10-17,16,77,6,11
2260,19,705,3,2024-10-17,16,77,7,11
2261,21,725,3,2024-10-17,16,77,7,11
2262,25,745,3,2024-10-17,16,73,5,13
2263,30,765,3,2024-10-17,16,73,4,13
2264,29,785,3,2024-10-17,16,74,4,13
2265,19,805,3,2024-10-17,16,74,4,13
2266,19,825,3,2024-10-17,16,74,3,10
2267,22,846,3,2024-10-17,17,74,8,10
2268,15,865,3,2024-10-17,17,74,8,10
2269,19,885,3,2024-10-17,16,72,10,10
2270,19,905,3,2024-10-17,16,73,10,10
2271,26,925,3,2024-10-17,16,73,8,10
2272,33,945,3,2024-10-17,8,88,35,11
2273,37,965,3,2024-10-17,8,88,35,11
2274,38,985,3,2024-10-17,8,87,41,10
2275,48,1005,3,2024-10-17,8,87,41,10
2276,53,1025,3,2024-10-17,8,88,39,12
2277,55,1045,3,2024-10-17,8,88,51,11
2278,59,1065,3,2024-10-17,8,89,59,10
2279,54,1085,3,2024-10-17,8,89,59,10
2280,46,1105,3,2024-10-17,8,90,36,10
2281,42,1125,3,2024-10-17,8,90,36,10
2282,45,1145,3,2024-10-17,8,91,12,10
2283,49,1165,3,2024-10-17,8,91,12,10
2284,51,1185,3,2024-10-17,8,92,21,9
2285,48,1205,3,2024-10-17,8,92,35,10
2286,41,1225,3,2024-10-17,8,92,7,10
2287,41,1245,3,2024-10-17,8,92,24,8
2288,39,1265,3,2024-10-17,8,92,30,9
2289,35,1285,3,2024-10-17,8,92,40,9
2290,39,1305,3,2024-10-17,8,92,50,9
2291,1,365,4,2024-10-18,15,82,45,15
2292,1,385,4,2024-10-18,15,82,45,15
2293,15,405,4,2024-10-18,15,82,47,16
2294,27,425,4,2024-10-18,16,81,48,15
2295,39,445,4,2024-10-18,16,81,48,15
2296,30,465,4,2024-10-18,15,82,65,14
2297,25,485,4,2024-10-18,16,81,59,16
2298,24,505,4,2024-10-18,16,79,60,15
2299,25,525,4,2024-10-18,15,78,56,16
2300,22,545,4,2024-10-18,15,79,59,15
2301,21,565,4,2024-10-18,16,78,56,16
2302,35,585,4,2024-10-18,15,77,57,15
2303,39,605,4,2024-10-18,15,77,57,15
2304,35,625,4,2024-10-18,15,78,57,15
2305,40,646,4,2024-10-18,15,79,54,15
2306,31,665,4,2024-10-18,15,76,59,15
2307,41,685,4,2024-10-18,15,76,57,15
2308,45,705,4,2024-10-18,15,76,55,15
2309,42,725,4,2024-10-18,15,76,55,15
2310,45,745,4,2024-10-18,15,75,43,15
2311,51,765,4,2024-10-18,15,75,36,15
2312,37,785,4,2024-10-18,15,75,36,15
2313,29,805,4,2024-10-18,15,76,24,15
2314,34,825,4,2024-10-18,15,76,24,14
2315,23,845,4,2024-10-18,15,74,23,14
2316,27,865,4,2024-10-18,15,75,20,14
2317,30,885,4,2024-10-18,16,73,30,14
2318,30,905,4,2024-10-18,16,75,24,14
2319,34,925,4,2024-10-18,10,85,100,15
2320,46,945,4,2024-10-18,10,85,98,16
2321,40,965,4,2024-10-18,10,86,100,15
2322,48,985,4,2024-10-18,10,85,97,16
2323,52,1005,4,2024-10-18,10,87,95,15
2324,64,1025,4,2024-10-18,10,87,97,15
2325,63,1045,4,2024-10-18,10,87,94,16
2326,73,1065,4,2024-10-18,10,87,94,16
2327,74,1085,4,2024-10-18,10,89,97,13
2328,68,1105,4,2024-10-18,10,89,94,13
2329,60,1125,4,2024-10-18,10,89,82,13
2330,64,1145,4,2024-10-18,10,89,92,13
2331,60,1165,4,2024-10-18,10,88,97,18
2332,44,1185,4,2024-10-18,10,88,84,16
2333,44,1205,4,2024-10-18,9,88,89,18
2334,47,1225,4,2024-10-18,9,88,95,10
2335,43,1245,4,2024-10-18,9,88,99,9
2336,37,1265,4,2024-10-18,9,88,100,9
2337,29,1285,4,2024-10-18,9,90,96,15
2338,31,1305,4,2024-10-18,9,90,96,15
2339,1,365,5,2024-10-19,14,79,3,12
2340,0,385,5,2024-10-19,14,79,3,12
2341,0,405,5,2024-10-19,14,80,3,11
2342,0,425,5,2024-10-19,14,79,3,11
2343,0,445,5,2024-10-19,14,79,3,11
2344,0,465,5,2024-10-19,14,80,3,11
2345,0,485,5,2024-10-19,14,79,4,11
2346,10,505,5,2024-10-19,14,79,4,11
2347,18,525,5,2024-10-19,14,79,5,11
2348,15,545,5,2024-10-19,14,78,5,11
2349,19,565,5,2024-10-19,14,78,5,11
2350,23,585,5,2024-10-19,14,77,5,11
2351,21,605,5,2024-10-19,14,76,5,11
2352,25,625,5,2024-10-19,14,75,5,11
2353,31,645,5,2024-10-19,14,75,5,11
2354,35,665,5,2024-10-19,14,74,4,12
2355,38,685,5,2024-10-19,14,74,4,12
2356,37,705,5,2024-10-19,14,74,3,12
2357,37,725,5,2024-10-19,14,74,3,12
2358,27,746,5,2024-10-19,14,74,3,11
2359,18,765,5,2024-10-19,14,73,3,11
2360,23,785,5,2024-10-19,14,73,3,11
2361,21,805,5,2024-10-19,14,72,2,11
2362,26,825,5,2024-10-19,14,72,2,11
2363,22,845,5,2024-10-19,14,72,2,11
2364,20,865,5,2024-10-19,15,70,2,11
2365,19,885,5,2024-10-19,15,70,2,11
2366,23,905,5,2024-10-19,15,70,2,11
2367,26,925,5,2024-10-19,6,85,23,13
2368,32,945,5,2024-10-19,6,85,23,13
2369,35,965,5,2024-10-19,6,86,23,12
2370,33,985,5,2024-10-19,6,86,22,12
2371,26,1005,5,2024-10-19,6,87,33,13
2372,27,1025,5,2024-10-19,6,87,35,13
2373,28,1045,5,2024-10-19,6,87,35,13
2374,26,1065,5,2024-10-19,6,87,33,13
2375,25,1085,5,2024-10-19,6,86,35,13
2376,27,1105,5,2024-10-19,6,87,33,13
2377,19,1125,5,2024-10-19,6,87,35,13
2378,29,1145,5,2024-10-19,6,87,35,13
2379,29,1165,5,2024-10-19,6,88,34,13
2380,26,1185,5,2024-10-19,6,90,32,13
2381,35,1205,5,2024-10-19,6,90,32,13
2382,30,1225,5,2024-10-19,6,90,33,13
2383,24,1245,5,2024-10-19,6,89,22,13
2384,0,1265,5,2024-10-19,6,89,22,13
2385,0,1285,5,2024-10-19,6,90,21,13
2386,0,1305,5,2024-10-19,6,90,21,13
2387,0,365,6,2024-10-20,15,79,73,29
2388,0,385,6,2024-10-20,15,78,65,29
2389,0,405,6,2024-10-20,15,78,56,28
2390,0,425,6,2024-10-20,15,78,56,28
2391,0,446,6,2024-10-20,15,78,50,28
2392,0,465,6,2024-10-20,15,78,60,28
2393,2,485,6,2024-10-20,15,78,76,28
2394,11,505,6,2024-10-20,15,78,94,29
2395,17,525,6,2024-10-20,15,78,98,29
2396,14,545,6,2024-10-20,15,78,100,29
2397,18,565,6,2024-10-20,15,78,100,29
2398,13,585,6,2024-10-20,15,77,100,29
2399,6,605,6,2024-10-20,15,75,100,29
2400,9,625,6,2024-10-20,15,77,100,29
2401,9,645,6,2024-10-20,15,77,100,28
2402,8,665,6,2024-10-20,15,77,100,28
2403,6,685,6,2024-10-20,15,75,96,29
2404,10,705,6,2024-10-20,15,74,90,28
2405,15,725,6,2024-10-20,15,74,90,28
2406,13,745,6,2024-10-20,14,74,83,27
2407,12,765,6,2024-10-20,14,74,83,27
2408,7,785,6,2024-10-20,14,73,77,27
2409,7,806,6,2024-10-20,15,71,66,28
2410,4,825,6,2024-10-20,15,71,66,28
2411,4,845,6,2024-10-20,15,69,61,28
2412,5,865,6,2024-10-20,17,65,58,28
2413,10,885,6,2024-10-20,17,65,48,28
2414,15,905,6,2024-10-20,9,73,65,30
2415,18,925,6,2024-10-20,9,72,63,31
2416,19,945,6,2024-10-20,9,72,63,31
2417,19,965,6,2024-10-20,9,73,40,31
2418,22,985,6,2024-10-20,9,73,40,31
2419,19,1005,6,2024-10-20,9,73,24,31
2420,18,1025,6,2024-10-20,9,73,24,31
2421,21,1045,6,2024-10-20,9,74,41,31
2422,19,1065,6,2024-10-20,9,74,61,31
2423,15,1085,6,2024-10-20,9,75,93,31
2424,12,1105,6,2024-10-20,9,76,32,36
2425,15,1125,6,2024-10-20,9,76,32,36
2426,17,1145,6,2024-10-20,9,76,59,34
2427,20,1165,6,2024-10-20,9,76,97,34
2428,18,1185,6,2024-10-20,9,76,97,34
2429,13,1205,6,2024-10-20,9,76,57,34
2430,14,1225,6,2024-10-20,9,76,64,34
2431,12,1245,6,2024-10-20,9,76,66,34
2432,0,1265,6,2024-10-20,9,78,60,39
2433,0,1285,6,2024-10-20,9,79,38,38
2434,0,1305,6,2024-10-20,9,78,14,38
2435,0,365,0,2024-10-21,13,72,24,29
2436,1,385,0,2024-10-21,13,72,24,29
2437,11,405,0,2024-10-21,13,72,24,28
2438,13,425,0,2024-10-21,13,72,24,27
2439,13,445,0,2024-10-21,13,73,24,21
2440,10,465,0,2024-10-21,13,72,24,20
2441,9,485,0,2024-10-21,13,72,24,20
2442,8,505,0,2024-10-21,13,72,24,20
2443,11,525,0,2024-10-21,13,72,24,19
2444,16,545,0,2024-10-21,13,72,24,19
2445,14,565,0,2024-10-21,13,73,24,20
2446,13,585,0,2024-10-21,13,73,24,20
2447,8,605,0,2024-10-21,13,72,24,19
2448,11,625,0,2024-10-21,13,72,32,22
2449,12,645,0,2024-10-21,13,72,32,22
2450,10,665,0,2024-10-21,14,69,23,22
2451,13,685,0,2024-10-21,14,68,22,22
2452,14,705,0,2024-10-21,14,69,23,22
2453,13,725,0,2024-10-21,14,69,23,22
2454,16,745,0,2024-10-21,13,69,11,22
2455,9,765,0,2024-10-21,14,69,16,21
2456,15,785,0,2024-10-21,14,69,7,22
2457,15,805,0,2024-10-21,14,69,7,22
2458,18,825,0,2024-10-21,14,69,61,22
2459,15,845,0,2024-10-21,14,69,6,22
2460,7,865,0,2024-10-21,15,70,22,19
2461,5,885,0,2024-10-21,15,68,83,23
2462,9,905,0,2024-10-21,15,68,83,23
2463,24,925,0,2024-10-21,8,80,54,25
2464,25,945,0,2024-10-21,8,80,65,24
2465,29,965,0,2024-10-21,8,81,52,22
2466,26,985,0,2024-10-21,8,81,52,22
2467,30,1005,0,2024-10-21,8,81,38,22
2468,34,1025,0,2024-10-21,8,81,38,25
2469,23,1045,0,2024-10-21,8,81,33,22
2470,21,1065,0,2024-10-21,8,81,33,22
2471,23,1085,0,2024-10-21,8,82,24,22
2472,20,1105,0,2024-10-21,8,82,24,19
2473,15,1125,0,2024-10-21,8,82,24,19
2474,16,1145,0,2024-10-21,8,82,24,22
2475,14,1165,0,2024-10-21,8,82,24,22
2476,19,1185,0,2024-10-21,8,82,51,21
2477,33,1205,0,2024-10-21,8,83,62,21
2478,27,1225,0,2024-10-21,8,82,49,23
2479,31,1245,0,2024-10-21,8,82,49,23
2480,34,1265,0,2024-10-21,8,82,13,22
2481,25,1285,0,2024-10-21,8,82,13,22
2482,21,1305,0,2024-10-21,8,82,24,22
2483,1,365,1,2024-10-22,13,74,4,18
2484,2,385,1,2024-10-22,13,74,9,18
2485,15,405,1,2024-10-22,13,74,8,18
2486,20,425,1,2024-10-22,13,74,8,18
2487,25,445,1,2024-10-22,14,73,11,18
2488,26,465,1,2024-10-22,14,73,11,18
2489,23,486,1,2024-10-22,14,72,10,20
2490,16,505,1,2024-10-22,14,72,10,20
2491,25,525,1,2024-10-22,14,70,7,19
2492,29,545,1,2024-10-22,14,70,7,19
2493,28,565,1,2024-10-22,14,70,15,20
2494,24,585,1,2024-10-22,14,70,15,20
2495,25,605,1,2024-10-22,14,68,10,20
2496,17,625,1,2024-10-22,14,66,6,19
2497,17,645,1,2024-10-22,13,68,7,19
2498,18,665,1,2024-10-22,14,66,7,18
2499,21,685,1,2024-10-22,14,66,7,18
2500,21,705,1,2024-10-22,13,65,48,18
2501,20,725,1,2024-10-22,13,65,48,18
2502,21,745,1,2024-10-22,14,65,2,20
2503,21,765,1,2024-10-22,14,65,2,20
2504,19,785,1,2024-10-22,13,65,12,20
2505,15,805,1,2024-10-22,14,62,24,22
2506,21,825,1,2024-10-22,14,62,24,21
2507,21,845,1,2024-10-22,14,64,21,20
2508,20,865,1,2024-10-22,15,63,1,25
2509,17,885,1,2024-10-22,15,61,2,23
2510,22,905,1,2024-10-22,9,75,7,24
2511,28,925,1,2024-10-22,9,75,7,24
2512,28,945,1,2024-10-22,9,75,35,21
2513,24,965,1,2024-10-22,9,75,49,21
2514,27,985,1,2024-10-22,9,78,6,20
2515,35,1005,1,2024-10-22,9,78,6,20
2516,32,1025,1,2024-10-22,9,79,6,19
2517,35,1045,1,2024-10-22,9,78,6,17
2518,31,1065,1,2024-10-22,9,78,6,17
2519,29,1085,1,2024-10-22,9,79,6,15
2520,31,1105,1,2024-10-22,9,80,6,13
2521,30,1125,1,2024-10-22,8,79,6,14
2522,35,1145,1,2024-10-22,8,81,6,13
2523,32,1165,1,2024-10-22,8,81,6,13
2524,31,1185,1,2024-10-22,8,81,6,13
2525,33,1205,1,2024-10-22,8,81,6,13
2526,44,1225,1,2024-10-22,9,81,6,13
2527,42,1245,1,2024-10-22,9,81,6,13
2528,45,1265,1,2024-10-22,9,81,6,14
2529,43,1285,1,2024-10-22,9,81,6,14
2530,39,1305,1,2024-10-22,9,81,6,13
2531,0,365,2,2024-10-23,14,74,4,17
2532,0,385,2,2024-10-23,14,73,4,16
2533,8,405,2,2024-10-23,14,73,4,15
2534,21,425,2,2024-10-23,14,73,4,15
2535,18,445,2,2024-10-23,15,73,4,15
2536,16,465,2,2024-10-23,15,73,4,14
2537,18,485,2,2024-10-23,15,73,4,14
2538,13,506,2,2024-10-23,15,72,4,16
2539,10,525,2,2024-10-23,15,72,4,16
2540,15,545,2,2024-10-23,15,72,4,17
2541,15,565,2,2024-10-23,15,72,4,17
2542,13,585,2,2024-10-23,15,73,4,15
2543,17,605,2,2024-10-23,15,72,4,16
2544,28,625,2,2024-10-23,14,71,4,17
2545,26,645,2,2024-10-23,14,71,4,17
2546,25,665,2,2024-10-23,15,71,3,17
2547,17,685,2,2024-10-23,14,71,2,17
2548,16,705,2,2024-10-23,14,70,2,17
2549,21,726,2,2024-10-23,14,70,2,18
2550,17,745,2,2024-10-23,14,70,2,18
2551,15,765,2,2024-10-23,14,71,2,12
2552,11,785,2,2024-10-23,14,73,2,12
2553,9,805,2,2024-10-23,14,73,2,12
2554,10,825,2,2024-10-23,14,73,2,12
2555,13,845,2,2024-10-23,14,73,2,12
2556,15,865,2,2024-10-23,14,74,2,10
2557,20,885,2,2024-10-23,14,74,2,10
2558,25,905,2,2024-10-23,14,74,2,10
2559,29,925,2,2024-10-23,10,77,7,13
2560,26,945,2,2024-10-23,10,78,5,13
2561,15,966,2,2024-10-23,10,78,5,13
2562,15,985,2,2024-10-23,10,78,5,13
2563,15,1005,2,2024-10-23,11,78,5,13
2564,24,1025,2,2024-10-23,10,78,5,14
2565,28,1045,2,2024-10-23,10,78,5,13
2566,34,1065,2,2024-10-23,11,78,5,13
2567,35,1085,2,2024-10-23,11,78,5,13
2568,34,1105,2,2024-10-23,10,79,5,13
2569,35,1125,2,2024-10-23,10,78,5,13
2570,31,1145,2,2024-10-23,10,78,5,13
2571,31,1165,2,2024-10-23,10,78,5,13
2572,27,1185,2,2024-10-23,11,78,5,13
2573,28,1205,2,2024-10-23,11,78,5,13
2574,30,1225,2,2024-10-23,11,78,5,13
2575,32,1245,2,2024-10-23,11,78,4,13
2576,32,1265,2,2024-10-23,11,78,4,13
2577,22,1285,2,2024-10-23,11,77,4,13
2578,24,1305,2,2024-10-23,11,77,4,13
2579,1,365,3,2024-10-24,15,74,5,14
2580,1,385,3,2024-10-24,15,74,5,14
2581,11,405,3,2024-10-24,15,74,5,14
2582,26,425,3,2024-10-24,15,74,5,14
2583,24,445,3,2024-10-24,15,74,5,14
2584,25,465,3,2024-10-24,15,74,5,13
2585,25,485,3,2024-10-24,15,75,5,13
2586,22,505,3,2024-10-24,15,75,5,13
2587,22,525,3,2024-10-24,15,75,6,13
2588,17,545,3,2024-10-24,15,72,6,14
2589,12,565,3,2024-10-24,15,72,6,14
2590,12,585,3,2024-10-24,14,72,6,12
2591,15,605,3,2024-10-24,14,72,6,14
2592,15,625,3,2024-10-24,14,72,5,15
2593,10,645,3,2024-10-24,14,72,5,15
2594,7,665,3,2024-10-24,14,72,5,15
2595,8,685,3,2024-10-24,14,72,4,16
2596,12,705,3,2024-10-24,14,72,2,14
2597,14,725,3,2024-10-24,14,72,2,14
2598,23,745,3,2024-10-24,14,72,2,15
2599,16,765,3,2024-10-24,14,72,2,13
2600,12,785,3,2024-10-24,14,72,2,13
2601,14,805,3,2024-10-24,14,73,2,12
2602,8,826,3,2024-10-24,14,73,2,12
2603,7,845,3,2024-10-24,14,72,2,11
2604,8,865,3,2024-10-24,14,72,2,11
2605,10,885,3,2024-10-24,15,73,2,11
2606,10,905,3,2024-10-24,15,73,2,11
2607,11,925,3,2024-10-24,14,74,2,11
2608,15,945,3,2024-10-24,9,86,9,12
2609,20,966,3,2024-10-24,9,86,9,10
2610,26,985,3,2024-10-24,9,86,9,10
2611,25,1005,3,2024-10-24,8,87,9,9
2612,26,1025,3,2024-10-24,8,87,9,8
2613,34,1045,3,2024-10-24,8,89,9,10
2614,30,1065,3,2024-10-24,8,89,9,10
2615,36,1085,3,2024-10-24,8,89,9,9
2616,35,1105,3,2024-10-24,8,89,9,8
2617,31,1125,3,2024-10-24,8,89,9,8
2618,25,1145,3,2024-10-24,8,89,9,8
2619,21,1165,3,2024-10-24,8,90,9,10
2620,24,1185,3,2024-10-24,8,90,9,7
2621,28,1205,3,2024-10-24,8,92,9,6
2622,29,1225,3,2024-10-24,8,92,9,6
2623,28,1245,3,2024-10-24,8,92,9,5
2624,25,1265,3,2024-10-24,8,93,9,6
2625,21,1285,3,2024-10-24,8,93,9,6
2626,26,1305,3,2024-10-24,8,91,9,7
2627,0,605,4,2024-10-25,12,87,73,10
2628,0,625,4,2024-10-25,12,88,55,10
2629,0,645,4,2024-10-25,12,89,59,10
2630,0,665,4,2024-10-25,12,89,79,10
2631,0,685,4,2024-10-25,12,88,100,10
2632,0,706,4,2024-10-25,12,88,80,10
2633,0,725,4,2024-10-25,12,90,64,9
2634,0,745,4,2024-10-25,12,90,64,9
2635,0,765,4,2024-10-25,12,91,67,9
2636,0,785,4,2024-10-25,12,91,67,9
2637,0,805,4,2024-10-25,12,92,56,10
2638,0,825,4,2024-10-25,12,91,61,10
2639,0,845,4,2024-10-25,12,91,61,10
2640,0,865,4,2024-10-25,12,92,46,10
2641,0,885,4,2024-10-25,12,92,46,10
2642,0,905,4,2024-10-25,10,95,55,9
2643,19,925,4,2024-10-25,10,95,55,9
2644,19,945,4,2024-10-25,10,95,24,8
2645,20,965,4,2024-10-25,10,95,24,8
2646,20,985,4,2024-10-25,10,95,24,8
2647,30,1005,4,2024-10-25,10,95,24,8
2648,23,1025,4,2024-10-25,10,95,24,8
2649,26,1045,4,2024-10-25,10,95,24,8
2650,28,1065,4,2024-10-25,10,95,24,8
2651,31,1085,4,2024-10-25,10,95,24,8
2652,22,1105,4,2024-10-25,10,95,24,8
2653,25,1125,4,2024-10-25,10,95,24,8
2654,23,1145,4,2024-10-25,10,96,30,7
2655,25,1165,4,2024-10-25,10,97,30,7
2656,23,1186,4,2024-10-25,10,97,42,7
2657,23,1206,4,2024-10-25,10,97,42,7
2658,24,1225,4,2024-10-25,10,98,43,7
2659,28,1245,4,2024-10-25,10,98,44,7
2660,34,1266,4,2024-10-25,10,97,44,7
2661,33,1285,4,2024-10-25,10,98,44,7
2662,34,1305,4,2024-10-25,10,98,45,7
2663,1,365,5,2024-10-26,14,80,75,20
2664,1,385,5,2024-10-26,14,80,75,20
2665,1,405,5,2024-10-26,14,80,74,20
2666,1,425,5,2024-10-26,14,79,74,20
2667,1,445,5,2024-10-26,14,79,74,20
2668,1,465,5,2024-10-26,14,79,73,20
2669,5,485,5,2024-10-26,14,79,73,20
2670,11,505,5,2024-10-26,14,78,66,20
2671,19,525,5,2024-10-26,14,80,65,20
2672,21,545,5,2024-10-26,14,78,66,19
2673,19,567,5,2024-10-26,14,77,65,20
2674,16,585,5,2024-10-26,14,78,66,20
2675,16,605,5,2024-10-26,14,77,65,20
2676,21,625,5,2024-10-26,14,74,65,20
2677,24,645,5,2024-10-26,14,74,65,20
2678,25,665,5,2024-10-26,14,75,68,20
2679,25,685,5,2024-10-26,15,72,63,20
2680,25,705,5,2024-10-26,15,71,71,20
2681,23,725,5,2024-10-26,15,71,71,20
2682,17,745,5,2024-10-26,14,70,74,21
2683,19,765,5,2024-10-26,14,70,74,21
2684,15,785,5,2024-10-26,14,70,79,21
2685,15,805,5,2024-10-26,15,70,76,19
2686,18,825,5,2024-10-26,15,70,76,19
2687,17,845,5,2024-10-26,14,70,74,19
2688,18,865,5,2024-10-26,16,67,67,22
2689,24,885,5,2024-10-26,16,67,59,22
2690,21,905,5,2024-10-26,16,67,59,22
2691,24,925,5,2024-10-26,5,78,62,18
2692,26,945,5,2024-10-26,5,78,48,18
2693,27,965,5,2024-10-26,5,78,49,18
2694,27,985,5,2024-10-26,5,79,34,19
2695,31,1005,5,2024-10-26,5,79,37,18
2696,34,1025,5,2024-10-26,5,80,32,19
2697,36,1045,5,2024-10-26,5,80,32,19
2698,36,1065,5,2024-10-26,5,79,43,15
2699,36,1085,5,2024-10-26,5,79,72,16
2700,35,1105,5,2024-10-26,5,79,72,16
2701,34,1125,5,2024-10-26,5,80,99,16
2702,25,1145,5,2024-10-26,5,81,100,17
2703,27,1165,5,2024-10-26,5,81,100,17
2704,30,1185,5,2024-10-26,5,83,100,15
2705,31,1205,5,2024-10-26,5,83,100,15
2706,37,1226,5,2024-10-26,5,84,30,12
2707,33,1245,5,2024-10-26,5,85,6,12
2708,16,1265,5,2024-10-26,5,85,6,12
2709,11,1285,5,2024-10-26,5,85,11,12
2710,11,1305,5,2024-10-26,5,85,6,12
2711,13,306,6,2024-10-27,12,77,65,16
2712,13,325,6,2024-10-27,12,78,65,17
2713,13,345,6,2024-10-27,12,78,65,16
2714,13,365,6,2024-10-27,12,77,65,17
2715,13,385,6,2024-10-27,12,76,66,17
2716,13,405,6,2024-10-27,12,76,66,17
2717,13,425,6,2024-10-27,12,76,80,17
2718,13,445,6,2024-10-27,12,76,80,17
2719,0,465,6,2024-10-27,12,76,63,17
2720,0,485,6,2024-10-27,12,76,63,17
2721,21,505,6,2024-10-27,12,73,64,17
2722,25,525,6,2024-10-27,12,72,64,17
2723,30,545,6,2024-10-27,12,72,64,17
2724,25,565,6,2024-10-27,12,74,63,17
2725,24,585,6,2024-10-27,12,74,62,17
2726,23,605,6,2024-10-27,11,74,61,17
2727,23,625,6,2024-10-27,12,72,63,21
2728,25,645,6,2024-10-27,12,72,62,20
2729,22,665,6,2024-10-27,12,72,74,20
2730,26,685,6,2024-10-27,12,72,74,20
2731,23,705,6,2024-10-27,11,72,77,20
2732,14,725,6,2024-10-27,11,71,84,18
2733,8,745,6,2024-10-27,12,70,95,20
2734,9,765,6,2024-10-27,12,70,95,20
2735,15,785,6,2024-10-27,12,72,90,23
2736,13,805,6,2024-10-27,12,72,16,21
2737,12,825,6,2024-10-27,10,73,16,21
2738,15,845,6,2024-10-27,10,73,16,20
2739,13,866,6,2024-10-27,12,70,16,18
2740,11,885,6,2024-10-27,12,70,16,18
2741,10,905,6,2024-10-27,10,72,16,14
2742,8,925,6,2024-10-27,10,72,16,14
2743,14,945,6,2024-10-27,9,88,72,12
2744,15,965,6,2024-10-27,9,89,72,12
2745,23,985,6,2024-10-27,9,89,72,11
2746,21,1005,6,2024-10-27,9,90,73,9
2747,25,1025,6,2024-10-27,9,89,73,8
2748,30,1045,6,2024-10-27,9,89,72,9
2749,47,1065,6,2024-10-27,9,90,76,9
2750,46,1085,6,2024-10-27,9,91,88,9
2751,46,1105,6,2024-10-27,9,91,78,7
2752,44,1125,6,2024-10-27,9,91,91,7
2753,43,1145,6,2024-10-27,9,92,100,7
2754,46,1165,6,2024-10-27,8,94,94,10
2755,45,1185,6,2024-10-27,8,94,100,9
2756,37,1205,6,2024-10-27,8,95,100,9
2757,35,1225,6,2024-10-27,8,94,100,9
2758,2,1245,6,2024-10-27,8,96,100,5
2759,1,305,0,2024-10-28,15,90,14,6
2760,1,325,0,2024-10-28,15,90,16,6
2761,1,345,0,2024-10-28,15,90,16,6
2762,1,365,0,2024-10-28,15,90,17,6
2763,3,385,0,2024-10-28,15,90,17,6
2764,22,405,0,2024-10-28,15,90,14,6
2765,40,425,0,2024-10-28,15,90,14,6
2766,47,446,0,2024-10-28,15,92,35,6
2767,46,465,0,2024-10-28,15,92,35,6
2768,42,486,0,2024-10-28,15,92,19,5
2769,34,505,0,2024-10-28,15,92,16,5
2770,34,525,0,2024-10-28,15,92,13,5
2771,35,545,0,2024-10-28,15,92,13,5
2772,46,565,0,2024-10-28,15,90,12,5
2773,44,585,0,2024-10-28,15,90,12,5
2774,39,605,0,2024-10-28,14,92,11,6
2775,43,627,0,2024-10-28,14,92,11,6
2776,42,645,0,2024-10-28,14,92,11,5
2777,41,665,0,2024-10-28,15,92,9,5
2778,34,685,0,2024-10-28,15,92,9,5
2779,35,705,0,2024-10-28,15,91,10,4
2780,32,725,0,2024-10-28,15,91,10,4
2781,35,745,0,2024-10-28,14,91,10,4
2782,41,765,0,2024-10-28,16,89,7,4
2783,39,787,0,2024-10-28,17,88,7,8
2784,32,805,0,2024-10-28,17,87,7,7
2785,26,825,0,2024-10-28,17,87,7,7
2786,24,845,0,2024-10-28,17,88,8,7
2787,29,865,0,2024-10-28,14,89,91,6
2788,36,885,0,2024-10-28,14,89,7,6
2789,36,905,0,2024-10-28,9,94,45,8
2790,51,925,0,2024-10-28,9,94,10,8
2791,57,945,0,2024-10-28,10,94,11,8
2792,59,965,0,2024-10-28,10,94,13,8
2793,62,985,0,2024-10-28,10,95,45,8
2794,61,1005,0,2024-10-28,10,95,45,8
2795,65,1025,0,2024-10-28,10,95,30,8
2796,73,1045,0,2024-10-28,10,97,53,8
2797,79,1065,0,2024-10-28,10,97,11,8
2798,73,1085,0,2024-10-28,10,97,11,8
2799,64,1105,0,2024-10-28,10,97,43,8
2800,69,1125,0,2024-10-28,10,96,30,8
2801,79,1145,0,2024-10-28,10,95,34,8
2802,86,1165,0,2024-10-28,10,95,16,8
2803,75,1185,0,2024-10-28,10,95,10,8
2804,78,1205,0,2024-10-28,10,95,10,8
2805,77,1225,0,2024-10-28,10,97,9,8
2806,77,1245,0,2024-10-28,10,97,9,8
2807,1,306,1,2024-10-29,14,85,6,12
2808,1,325,1,2024-10-29,14,84,6,12
2809,1,345,1,2024-10-29,14,83,6,12
2810,1,366,1,2024-10-29,14,83,6,12
2811,1,385,1,2024-10-29,14,85,6,12
2812,24,405,1,2024-10-29,14,85,6,12
2813,45,425,1,2024-10-29,15,85,6,12
2814,49,445,1,2024-10-29,15,85,6,12
2815,54,465,1,2024-10-29,14,84,6,12
2816,44,485,1,2024-10-29,15,84,6,12
2817,39,505,1,2024-10-29,14,84,5,12
2818,38,525,1,2024-10-29,14,84,5,12
2819,38,545,1,2024-10-29,15,81,6,15
2820,43,567,1,2024-10-29,15,81,6,15
2821,44,585,1,2024-10-29,15,80,6,15
2822,44,605,1,2024-10-29,15,80,6,15
2823,55,625,1,2024-10-29,15,80,6,12
2824,56,645,1,2024-10-29,15,80,6,13
2825,55,665,1,2024-10-29,15,79,4,19
2826,57,687,1,2024-10-29,15,79,6,18
2827,52,705,1,2024-10-29,15,79,3,18
2828,44,725,1,2024-10-29,15,79,3,15
2829,46,745,1,2024-10-29,16,76,2,15
2830,43,765,1,2024-10-29,16,76,2,15
2831,42,787,1,2024-10-29,17,78,2,14
2832,46,805,1,2024-10-29,16,77,2,15
2833,52,825,1,2024-10-29,17,78,2,14
2834,44,845,1,2024-10-29,17,79,2,14
2835,54,866,1,2024-10-29,17,78,2,16
2836,55,885,1,2024-10-29,17,77,2,13
2837,62,905,1,2024-10-29,17,77,2,13
2838,72,925,1,2024-10-29,7,88,8,11
2839,70,945,1,2024-10-29,7,87,8,11
2840,67,965,1,2024-10-29,7,86,8,10
2841,66,985,1,2024-10-29,7,86,8,10
2842,55,1005,1,2024-10-29,7,87,8,10
2843,62,1025,1,2024-10-29,7,87,8,10
2844,71,1045,1,2024-10-29,7,87,8,13
2845,84,1065,1,2024-10-29,8,87,8,13
2846,82,1085,1,2024-10-29,8,86,8,10
2847,84,1105,1,2024-10-29,8,86,8,10
2848,71,1125,1,2024-10-29,8,87,8,10
2849,65,1145,1,2024-10-29,8,89,8,10
2850,72,1166,1,2024-10-29,8,89,8,12
2851,80,1185,1,2024-10-29,8,89,34,11
2852,75,1205,1,2024-10-29,8,89,8,11
2853,68,1225,1,2024-10-29,8,89,8,12
2854,65,1245,1,2024-10-29,8,89,8,12
2855,0,305,2,2024-10-30,14,82,7,9
2856,0,325,2,2024-10-30,14,83,7,9
2857,0,345,2,2024-10-30,14,85,7,10
2858,0,367,2,2024-10-30,14,85,7,10
2859,0,385,2,2024-10-30,14,84,7,10
2860,31,405,2,2024-10-30,14,84,7,10
2861,51,425,2,2024-10-30,14,82,7,10
2862,53,445,2,2024-10-30,14,83,7,10
2863,55,465,2,2024-10-30,14,83,7,10
2864,58,485,2,2024-10-30,14,83,7,10
2865,56,505,2,2024-10-30,14,82,7,10
2866,48,525,2,2024-10-30,14,82,7,10
2867,51,545,2,2024-10-30,14,81,7,10
2868,47,565,2,2024-10-30,14,81,7,10
2869,50,585,2,2024-10-30,14,81,7,10
2870,51,606,2,2024-10-30,14,80,7,10
2871,55,625,2,2024-10-30,14,80,7,10
2872,51,645,2,2024-10-30,14,79,7,10
2873,52,665,2,2024-10-30,14,79,7,10
2874,58,685,2,2024-10-30,14,79,5,10
2875,47,705,2,2024-10-30,14,79,3,11
2876,40,725,2,2024-10-30,14,79,4,11
2877,55,745,2,2024-10-30,14,78,3,10
2878,49,765,2,2024-10-30,15,78,3,11
2879,39,785,2,2024-10-30,15,78,3,11
2880,48,805,2,2024-10-30,15,80,3,11
2881,58,825,2,2024-10-30,15,80,3,12
2882,48,845,2,2024-10-30,15,80,3,12
2883,50,865,2,2024-10-30,15,81,3,10
2884,60,885,2,2024-10-30,15,81,3,10
2885,64,905,2,2024-10-30,11,83,7,17
2886,70,926,2,2024-10-30,11,83,7,17
2887,66,945,2,2024-10-30,11,84,7,17
2888,56,965,2,2024-10-30,11,84,7,17
2889,66,985,2,2024-10-30,11,84,7,17
2890,70,1006,2,2024-10-30,11,84,7,17
2891,68,1025,2,2024-10-30,11,85,7,17
2892,73,1045,2,2024-10-30,11,85,7,17
2893,78,1065,2,2024-10-30,11,85,7,17
2894,86,1085,2,2024-10-30,10,86,7,17
2895,87,1105,2,2024-10-30,10,86,7,17
2896,78,1125,2,2024-10-30,10,86,7,17
2897,71,1145,2,2024-10-30,10,86,7,17
2898,56,1165,2,2024-10-30,10,86,7,17
2899,65,1185,2,2024-10-30,11,86,7,17
2900,62,1205,2,2024-10-30,11,85,7,17
2901,64,1225,2,2024-10-30,11,85,7,17
2902,67,1245,2,2024-10-30,11,85,7,17
2903,1,305,3,2024-10-31,14,83,6,24
2904,1,325,3,2024-10-31,14,83,6,24
2905,1,345,3,2024-10-31,14,83,6,24
2906,1,365,3,2024-10-31,14,83,6,24
2907,2,385,3,2024-10-31,14,82,6,24
2908,24,405,3,2024-10-31,14,82,6,24
2909,34,425,3,2024-10-31,15,82,6,27
2910,39,445,3,2024-10-31,15,82,6,27
2911,35,465,3,2024-10-31,15,81,6,25
2912,39,485,3,2024-10-31,15,81,6,25
2913,40,505,3,2024-10-31,15,81,6,26
2914,40,527,3,2024-10-31,14,81,6,26
2915,39,545,3,2024-10-31,15,81,6,26
2916,38,565,3,2024-10-31,14,79,6,28
2917,42,585,3,2024-10-31,15,78,6,28
2918,45,605,3,2024-10-31,15,78,6,25
2919,48,626,3,2024-10-31,15,78,6,25
2920,49,645,3,2024-10-31,15,78,6,25
2921,39,665,3,2024-10-31,15,78,6,25
2922,50,685,3,2024-10-31,15,78,4,26
2923,48,705,3,2024-10-31,15,78,3,25
2924,45,725,3,2024-10-31,16,77,2,25
2925,45,745,3,2024-10-31,16,77,2,25
2926,47,765,3,2024-10-31,17,78,2,26
2927,38,785,3,2024-10-31,17,78,2,29
2928,37,805,3,2024-10-31,17,79,2,28
2929,30,825,3,2024-10-31,17,79,2,28
2930,27,846,3,2024-10-31,17,78,2,27
2931,34,865,3,2024-10-31,16,80,2,27
2932,40,885,3,2024-10-31,16,81,2,24
2933,38,905,3,2024-10-31,16,81,2,24
2934,44,925,3,2024-10-31,11,85,8,24
2935,43,945,3,2024-10-31,11,85,8,24
2936,46,965,3,2024-10-31,11,86,8,25
2937,48,986,3,2024-10-31,11,86,8,25
2938,50,1005,3,2024-10-31,11,86,8,22
2939,55,1025,3,2024-10-31,11,86,8,22
2940,66,1045,3,2024-10-31,11,88,8,21
2941,69,1065,3,2024-10-31,11,87,8,21
2942,63,1085,3,2024-10-31,11,87,8,21
2943,67,1105,3,2024-10-31,11,87,8,21
2944,65,1125,3,2024-10-31,11,87,8,21
2945,58,1145,3,2024-10-31,11,87,6,19
2946,59,1165,3,2024-10-31,11,87,7,21
2947,62,1185,3,2024-10-31,11,87,7,20
2948,62,1205,3,2024-10-31,11,87,7,20
2949,46,1225,3,2024-10-31,11,88,7,19
2950,45,1245,3,2024-10-31,11,88,7,19
2951,0,305,4,2024-11-01,14,84,60,25
2952,0,325,4,2024-11-01,14,84,60,25
2953,0,345,4,2024-11-01,14,83,58,22
2954,0,365,4,2024-11-01,14,83,58,22
2955,0,385,4,2024-11-01,14,83,53,18
2956,19,405,4,2024-11-01,14,83,53,18
2957,27,425,4,2024-11-01,14,83,43,21
2958,28,445,4,2024-11-01,14,83,43,20
2959,25,465,4,2024-11-01,14,83,47,19
2960,22,485,4,2024-11-01,14,83,47,19
2961,17,505,4,2024-11-01,14,83,42,17
2962,19,525,4,2024-11-01,14,83,40,15
2963,22,545,4,2024-11-01,14,82,35,13
2964,26,565,4,2024-11-01,14,83,35,13
2965,25,585,4,2024-11-01,14,82,35,12
2966,27,605,4,2024-11-01,14,84,35,15
2967,28,625,4,2024-11-01,14,84,35,15
2968,31,645,4,2024-11-01,14,83,24,13
2969,29,665,4,2024-11-01,14,83,38,12
2970,25,685,4,2024-11-01,14,83,35,13
2971,22,705,4,2024-11-01,14,83,35,13
2972,20,725,4,2024-11-01,14,83,24,13
2973,25,745,4,2024-11-01,14,83,23,12
2974,25,765,4,2024-11-01,13,83,21,13
2975,31,785,4,2024-11-01,13,83,21,13
2976,33,805,4,2024-11-01,11,85,16,14
2977,38,825,4,2024-11-01,11,85,17,14
2978,35,845,4,2024-11-01,11,88,30,13
2979,25,865,4,2024-11-01,11,88,30,13
2980,27,885,4,2024-11-01,11,88,20,13
2981,32,905,4,2024-11-01,10,88,19,13
2982,40,926,4,2024-11-01,8,86,30,14
2983,47,945,4,2024-11-01,8,85,24,14
2984,51,965,4,2024-11-01,8,84,24,13
2985,52,986,4,2024-11-01,8,84,35,11
2986,47,1006,4,2024-11-01,8,84,35,11
2987,44,1025,4,2024-11-01,8,85,24,11
2988,43,1045,4,2024-11-01,8,85,24,11
2989,43,1065,4,2024-11-01,7,84,24,11
2990,45,1085,4,2024-11-01,7,84,24,11
2991,36,1105,4,2024-11-01,7,84,24,11
2992,45,1125,4,2024-11-01,8,86,24,11
2993,49,1145,4,2024-11-01,8,86,24,11
2994,57,1165,4,2024-11-01,7,88,24,9
2995,57,1185,4,2024-11-01,7,88,24,10
2996,43,1205,4,2024-11-01,7,87,24,9
2997,37,1225,4,2024-11-01,7,87,30,10
2998,32,1245,4,2024-11-01,7,87,24,7
2999,1,305,5,2024-11-02,14,89,12,12
3000,0,325,5,2024-11-02,14,89,13,12
3001,0,345,5,2024-11-02,14,89,13,12
3002,2,365,5,2024-11-02,13,88,30,12
3003,1,385,5,2024-11-02,13,88,30,12
3004,1,405,5,2024-11-02,14,87,8,13
3005,1,425,5,2024-11-02,13,88,9,12
3006,1,445,5,2024-11-02,14,87,8,13
3007,1,465,5,2024-11-02,14,87,7,12
3008,2,485,5,2024-11-02,13,88,7,12
3009,21,505,5,2024-11-02,14,88,7,12
3010,27,525,5,2024-11-02,13,88,7,12
3011,33,545,5,2024-11-02,14,88,7,12
3012,38,565,5,2024-11-02,14,89,7,12
3013,45,585,5,2024-11-02,14,87,7,12
3014,52,605,5,2024-11-02,14,87,7,12
3015,55,625,5,2024-11-02,14,87,7,12
3016,63,645,5,2024-11-02,13,87,7,12
3017,67,665,5,2024-11-02,13,87,4,12
3018,65,685,5,2024-11-02,13,87,4,12
3019,59,705,5,2024-11-02,13,87,3,12
3020,55,725,5,2024-11-02,13,87,3,12
3021,52,745,5,2024-11-02,13,88,2,12
3022,55,765,5,2024-11-02,13,88,2,12
3023,55,785,5,2024-11-02,13,86,2,12
3024,64,805,5,2024-11-02,13,86,2,12
3025,67,825,5,2024-11-02,13,86,2,12
3026,65,845,5,2024-11-02,13,87,2,12
3027,62,865,5,2024-11-02,13,87,2,12
3028,59,885,5,2024-11-02,13,87,2,12
3029,62,905,5,2024-11-02,8,88,30,12
3030,58,925,5,2024-11-02,8,88,7,12
3031,56,945,5,2024-11-02,8,89,8,11
3032,53,965,5,2024-11-02,8,89,7,12
3033,55,985,5,2024-11-02,8,88,7,10
3034,57,1005,5,2024-11-02,8,88,7,10
3035,53,1025,5,2024-11-02,8,88,7,9
3036,57,1045,5,2024-11-02,8,88,7,9
3037,68,1065,5,2024-11-02,8,89,8,10
3038,72,1085,5,2024-11-02,8,89,8,10
3039,67,1105,5,2024-11-02,8,87,7,12
3040,69,1125,5,2024-11-02,8,87,7,11
3041,56,1145,5,2024-11-02,8,87,7,10
3042,61,1165,5,2024-11-02,8,87,7,10
3043,60,1185,5,2024-11-02,7,87,6,10
3044,59,1205,5,2024-11-02,7,87,6,10
3045,55,1225,5,2024-11-02,8,89,7,8
3046,51,1245,5,2024-11-02,8,88,7,8
3047,32,306,6,2024-11-03,12,88,7,9
3048,33,325,6,2024-11-03,12,88,7,10
3049,33,345,6,2024-11-03,12,88,7,10
3050,33,365,6,2024-11-03,12,87,7,10
3051,32,385,6,2024-11-03,12,87,7,8
3052,32,405,6,2024-11-03,12,87,7,9
3053,32,425,6,2024-11-03,12,87,7,8
3054,32,445,6,2024-11-03,12,87,8,8
3055,32,465,6,2024-11-03,12,87,8,8
3056,13,485,6,2024-11-03,12,85,8,10
3057,28,505,6,2024-11-03,12,85,8,10
3058,35,526,6,2024-11-03,12,84,8,9
3059,34,546,6,2024-11-03,12,85,8,7
3060,34,565,6,2024-11-03,12,84,8,7
3061,33,585,6,2024-11-03,12,83,7,7
3062,24,605,6,2024-11-03,12,83,7,7
3063,31,625,6,2024-11-03,12,83,7,9
3064,38,645,6,2024-11-03,12,83,7,9
3065,39,666,6,2024-11-03,12,82,4,11
3066,47,685,6,2024-11-03,12,82,4,11
3067,48,705,6,2024-11-03,12,82,4,10
3068,45,725,6,2024-11-03,12,82,3,9
3069,45,745,6,2024-11-03,12,80,2,11
3070,45,765,6,2024-11-03,12,80,2,11
3071,41,785,6,2024-11-03,13,82,2,9
3072,30,805,6,2024-11-03,13,80,2,10
3073,26,825,6,2024-11-03,13,80,2,10
3074,27,845,6,2024-11-03,13,80,2,9
3075,41,865,6,2024-11-03,13,80,2,9
3076,45,885,6,2024-11-03,13,81,2,7
3077,52,905,6,2024-11-03,13,81,2,7
3078,56,925,6,2024-11-03,13,82,3,7
3079,47,945,6,2024-11-03,8,88,8,7
3080,47,965,6,2024-11-03,8,89,8,7
3081,56,985,6,2024-11-03,8,89,8,6
3082,61,1005,6,2024-11-03,8,90,8,5
3083,65,1025,6,2024-11-03,8,90,8,5
3084,68,1045,6,2024-11-03,8,90,8,5
3085,68,1065,6,2024-11-03,8,91,10,3
3086,68,1085,6,2024-11-03,8,90,10,3
3087,67,1105,6,2024-11-03,8,90,9,3
3088,66,1125,6,2024-11-03,8,92,10,3
3089,70,1145,6,2024-11-03,8,91,10,3
3090,75,1165,6,2024-11-03,8,91,9,3
3091,70,1185,6,2024-11-03,8,90,10,3
3092,75,1205,6,2024-11-03,8,90,10,3
3093,75,1225,6,2024-11-03,8,89,10,3
3094,68,1245,6,2024-11-03,8,90,10,3
3095,1,305,0,2024-11-04,11,87,17,6
3096,1,325,0,2024-11-04,11,87,9,6
3097,1,345,0,2024-11-04,11,87,9,6
3098,1,365,0,2024-11-04,11,86,7,6
3099,1,385,0,2024-11-04,11,86,7,6
3100,25,405,0,2024-11-04,11,86,7,6
3101,34,425,0,2024-11-04,11,87,11,6
3102,39,445,0,2024-11-04,11,86,12,6
3103,35,465,0,2024-11-04,11,86,12,6
3104,45,485,0,2024-11-04,11,86,12,6
3105,43,505,0,2024-11-04,11,85,10,6
3106,38,525,0,2024-11-04,11,86,8,6
3107,42,545,0,2024-11-04,11,87,7,6
3108,47,566,0,2024-11-04,11,86,7,6
3109,47,585,0,2024-11-04,11,86,7,6
3110,45,605,0,2024-11-04,11,86,7,6
3111,52,625,0,2024-11-04,11,84,7,5
3112,46,645,0,2024-11-04,12,83,7,6
3113,32,665,0,2024-11-04,12,83,5,6
3114,55,685,0,2024-11-04,12,83,5,6
3115,52,705,0,2024-11-04,12,83,5,6
3116,50,725,0,2024-11-04,11,82,5,8
3117,51,745,0,2024-11-04,11,81,5,7
3118,48,765,0,2024-11-04,11,82,5,7
3119,48,785,0,2024-11-04,12,82,5,7
3120,52,805,0,2024-11-04,12,82,5,7
3121,45,825,0,2024-11-04,12,81,4,6
3122,43,845,0,2024-11-04,12,80,5,8
3123,45,865,0,2024-11-04,12,80,5,8
3124,47,885,0,2024-11-04,12,81,5,8
3125,45,905,0,2024-11-04,12,81,5,8
3126,56,925,0,2024-11-04,6,89,8,5
3127,61,945,0,2024-11-04,6,89,8,5
3128,54,965,0,2024-11-04,7,89,8,6
3129,52,985,0,2024-11-04,7,88,8,4
3130,60,1005,0,2024-11-04,7,88,8,4
3131,45,1025,0,2024-11-04,7,88,8,3
3132,60,1045,0,2024-11-04,7,88,8,3
3133,73,1066,0,2024-11-04,7,88,9,3
3134,75,1085,0,2024-11-04,7,89,9,2
3135,69,1105,0,2024-11-04,7,89,9,2
3136,72,1125,0,2024-11-04,6,89,8,3
3137,72,1145,0,2024-11-04,6,88,8,4
3138,90,1166,0,2024-11-04,6,89,8,3
3139,95,1185,0,2024-11-04,6,89,8,3
3140,94,1205,0,2024-11-04,6,89,8,3
3141,93,1225,0,2024-11-04,6,89,8,3
3142,85,1245,0,2024-11-04,6,88,8,3
3143,2,305,1,2024-11-05,10,86,7,7
3144,2,326,1,2024-11-05,10,87,7,7
3145,2,345,1,2024-11-05,10,87,8,7
3146,2,365,1,2024-11-05,10,86,7,7
3147,3,385,1,2024-11-05,10,86,7,7
3148,34,405,1,2024-11-05,10,86,7,7
3149,58,426,1,2024-11-05,10,86,7,7
3150,67,445,1,2024-11-05,10,86,7,7
3151,67,465,1,2024-11-05,10,86,8,7
3152,55,485,1,2024-11-05,10,86,8,7
3153,47,505,1,2024-11-05,10,84,8,6
3154,47,525,1,2024-11-05,10,83,8,6
3155,50,545,1,2024-11-05,10,83,8,6
3156,46,565,1,2024-11-05,11,83,8,6
3157,48,585,1,2024-11-05,10,84,7,6
3158,49,605,1,2024-11-05,10,86,30,6
3159,54,625,1,2024-11-05,10,86,30,6
3160,61,645,1,2024-11-05,10,84,8,6
3161,61,665,1,2024-11-05,10,84,8,6
3162,53,685,1,2024-11-05,10,83,5,6
3163,47,705,1,2024-11-05,10,83,4,6
3164,32,725,1,2024-11-05,10,83,4,6
3165,39,746,1,2024-11-05,10,83,3,6
3166,42,765,1,2024-11-05,10,85,3,6
3167,34,786,1,2024-11-05,10,85,3,6
3168,35,805,1,2024-11-05,11,84,3,5
3169,31,825,1,2024-11-05,10,83,3,6
3170,33,845,1,2024-11-05,10,83,3,6
3171,34,865,1,2024-11-05,12,83,3,6
3172,39,885,1,2024-11-05,12,83,3,6
3173,46,905,1,2024-11-05,12,83,3,6
3174,57,925,1,2024-11-05,6,92,9,5
3175,66,945,1,2024-11-05,5,92,9,5
3176,66,965,1,2024-11-05,5,93,9,5
3177,70,985,1,2024-11-05,5,93,9,5
3178,74,1005,1,2024-11-05,5,93,9,5
3179,77,1025,1,2024-11-05,5,93,9,5
3180,86,1045,1,2024-11-05,5,94,9,5
3181,95,1065,1,2024-11-05,5,94,9,5
3182,95,1085,1,2024-11-05,5,95,9,5
3183,81,1105,1,2024-11-05,5,96,9,5
3184,82,1125,1,2024-11-05,4,96,9,5
3185,87,1145,1,2024-11-05,4,96,9,5
3186,90,1165,1,2024-11-05,4,96,9,5
3187,77,1185,1,2024-11-05,4,96,9,5
3188,83,1205,1,2024-11-05,4,96,9,5
3189,70,1225,1,2024-11-05,4,95,9,6
3190,71,1245,1,2024-11-05,4,95,9,5
3191,2,305,2,2024-11-06,15,89,8,8
3192,2,325,2,2024-11-06,15,89,8,8
3193,2,345,2,2024-11-06,15,89,8,8
3194,2,365,2,2024-11-06,15,90,8,8
3195,3,385,2,2024-11-06,15,89,8,8
3196,39,405,2,2024-11-06,15,89,8,8
3197,48,425,2,2024-11-06,15,88,8,8
3198,53,445,2,2024-11-06,15,88,8,8
3199,45,465,2,2024-11-06,15,89,8,8
3200,41,485,2,2024-11-06,15,89,8,8
3201,42,505,2,2024-11-06,15,88,8,8
3202,45,525,2,2024-11-06,15,88,8,8
3203,42,545,2,2024-11-06,15,88,8,7
3204,43,566,2,2024-11-06,15,87,8,8
3205,43,585,2,2024-11-06,15,87,8,8
3206,48,606,2,2024-11-06,15,87,8,8
3207,48,626,2,2024-11-06,15,87,8,8
3208,45,645,2,2024-11-06,15,87,8,8
3209,47,665,2,2024-11-06,15,87,8,8
3210,46,685,2,2024-11-06,14,88,5,8
3211,46,705,2,2024-11-06,14,88,5,8
3212,47,725,2,2024-11-06,14,87,3,8
3213,54,745,2,2024-11-06,14,88,3,8
3214,54,765,2,2024-11-06,14,88,3,8
3215,55,785,2,2024-11-06,14,88,3,8
3216,68,805,2,2024-11-06,13,88,3,7
3217,69,825,2,2024-11-06,13,88,3,8
3218,64,846,2,2024-11-06,14,87,3,8
3219,57,865,2,2024-11-06,14,87,3,8
3220,58,885,2,2024-11-06,13,88,3,8
3221,59,905,2,2024-11-06,9,92,9,7
3222,68,925,2,2024-11-06,9,92,9,7
3223,68,945,2,2024-11-06,8,93,9,7
3224,70,965,2,2024-11-06,9,92,9,7
3225,73,985,2,2024-11-06,9,92,9,7
3226,69,1005,2,2024-11-06,9,92,9,7
3227,74,1025,2,2024-11-06,9,93,9,7
3228,75,1045,2,2024-11-06,9,93,9,7
3229,83,1065,2,2024-11-06,8,93,9,7
3230,83,1085,2,2024-11-06,8,94,9,6
3231,92,1105,2,2024-11-06,8,94,9,6
3232,91,1125,2,2024-11-06,8,94,9,6
3233,78,1145,2,2024-11-06,8,94,9,6
3234,70,1165,2,2024-11-06,8,94,9,6
3235,74,1185,2,2024-11-06,8,94,9,6
3236,82,1205,2,2024-11-06,8,95,9,6
3237,77,1225,2,2024-11-06,8,95,9,6
3238,75,1245,2,2024-11-06,8,95,9,6
3239,0,305,3,2024-11-07,13,90,8,8
3240,0,325,3,2024-11-07,13,91,8,8
3241,0,345,3,2024-11-07,13,91,8,8
3242,0,365,3,2024-11-07,13,91,8,8
3243,1,385,3,2024-11-07,13,89,8,8
3244,28,405,3,2024-11-07,13,88,7,8
3245,42,425,3,2024-11-07,13,88,7,8
3246,36,445,3,2024-11-07,14,88,7,9
3247,35,465,3,2024-11-07,14,88,7,9
3248,30,485,3,2024-11-07,15,87,7,8
3249,26,505,3,2024-11-07,15,87,7,8
3250,26,525,3,2024-11-07,15,86,7,8
3251,25,545,3,2024-11-07,15,84,7,8
3252,35,565,3,2024-11-07,15,84,7,8
3253,40,585,3,2024-11-07,16,84,7,8
3254,38,605,3,2024-11-07,15,83,7,10
3255,38,626,3,2024-11-07,15,83,7,10
3256,28,645,3,2024-11-07,16,84,7,10
3257,25,665,3,2024-11-07,16,84,7,10
3258,25,685,3,2024-11-07,14,83,4,11
3259,25,705,3,2024-11-07,14,83,4,11
3260,22,725,3,2024-11-07,14,83,3,11
3261,24,745,3,2024-11-07,13,86,2,11
3262,19,765,3,2024-11-07,13,86,2,11
3263,19,785,3,2024-11-07,13,86,2,11
3264,23,805,3,2024-11-07,13,86,2,7
3265,32,825,3,2024-11-07,13,86,2,6
3266,23,845,3,2024-11-07,14,85,2,9
3267,28,865,3,2024-11-07,14,85,2,9
3268,36,885,3,2024-11-07,14,86,2,8
3269,36,905,3,2024-11-07,14,85,2,8
3270,30,925,3,2024-11-07,8,89,8,9
3271,30,945,3,2024-11-07,8,89,8,9
3272,36,965,3,2024-11-07,8,89,8,9
3273,50,985,3,2024-11-07,8,89,8,9
3274,59,1005,3,2024-11-07,8,89,8,8
3275,65,1025,3,2024-11-07,8,89,8,8
3276,75,1045,3,2024-11-07,8,89,8,8
3277,78,1065,3,2024-11-07,8,89,8,8
3278,75,1085,3,2024-11-07,8,89,8,8
3279,80,1105,3,2024-11-07,8,88,8,6
3280,75,1125,3,2024-11-07,8,88,8,5
3281,73,1145,3,2024-11-07,8,88,8,5
3282,69,1165,3,2024-11-07,8,88,8,5
3283,82,1185,3,2024-11-07,8,88,8,5
3284,84,1205,3,2024-11-07,8,88,8,5
3285,72,1225,3,2024-11-07,8,88,8,5
3286,75,1245,3,2024-11-07,8,88,8,5
3287,0,305,4,2024-11-08,10,89,8,7
3288,0,325,4,2024-11-08,10,89,8,7
3289,0,345,4,2024-11-08,10,89,8,7
3290,0,365,4,2024-11-08,10,89,8,7
3291,0,385,4,2024-11-08,10,89,8,7
3292,0,405,4,2024-11-08,10,89,8,7
3293,0,425,4,2024-11-08,10,89,8,7
3294,0,445,4,2024-11-08,10,88,8,7
3295,0,465,4,2024-11-08,10,88,8,7
3296,0,485,4,2024-11-08,10,88,7,7
3297,0,505,4,2024-11-08,10,88,8,7
3298,0,525,4,2024-11-08,10,88,8,7
3299,0,545,4,2024-11-08,11,87,8,7
3300,0,565,4,2024-11-08,11,88,8,7
3301,0,585,4,2024-11-08,11,88,8,7
3302,0,605,4,2024-11-08,11,88,8,7
3303,0,625,4,2024-11-08,11,88,8,7
3304,0,645,4,2024-11-08,11,88,8,7
3305,0,665,4,2024-11-08,11,88,8,7
3306,0,685,4,2024-11-08,10,86,5,7
3307,0,705,4,2024-11-08,10,86,5,7
3308,0,725,4,2024-11-08,10,85,4,7
3309,0,765,4,2024-11-08,10,86,3,7
3310,0,785,4,2024-11-08,10,86,3,7
3311,0,805,4,2024-11-08,10,86,3,6
3312,0,826,4,2024-11-08,10,87,2,5
3313,0,845,4,2024-11-08,11,85,2,4
3314,0,865,4,2024-11-08,11,85,2,4
3315,0,885,4,2024-11-08,11,85,2,4
3316,0,905,4,2024-11-08,6,92,10,5
3317,0,925,4,2024-11-08,6,93,10,6
3318,0,945,4,2024-11-08,6,93,10,6
3319,0,965,4,2024-11-08,6,92,10,6
3320,0,985,4,2024-11-08,6,92,10,6
3321,13,1005,4,2024-11-08,6,93,10,6
3322,76,1025,4,2024-11-08,6,93,10,6
3323,85,1045,4,2024-11-08,6,93,10,6
3324,87,1065,4,2024-11-08,6,93,10,6
3325,80,1085,4,2024-11-08,6,94,10,6
3326,58,1105,4,2024-11-08,6,94,10,6
3327,64,1125,4,2024-11-08,6,93,10,6
3328,64,1145,4,2024-11-08,6,93,10,6
3329,62,1165,4,2024-11-08,6,93,10,6
3330,58,1185,4,2024-11-08,6,93,10,6
3331,59,1205,4,2024-11-08,6,93,10,5
3332,62,1225,4,2024-11-08,6,93,10,6
3333,59,1245,4,2024-11-08,6,94,10,6
3334,0,305,5,2024-11-09,9,88,10,5
3335,1,325,5,2024-11-09,9,88,8,5
3336,0,345,5,2024-11-09,9,88,8,5
3337,0,365,5,2024-11-09,9,87,8,5
3338,0,385,5,2024-11-09,9,88,8,5
3339,0,405,5,2024-11-09,9,88,8,5
3340,0,425,5,2024-11-09,9,88,8,5
3341,0,445,5,2024-11-09,9,87,8,5
3342,2,465,5,2024-11-09,9,87,8,5
3343,3,485,5,2024-11-09,9,87,30,4
3344,13,505,5,2024-11-09,9,87,8,5
3345,23,525,5,2024-11-09,9,86,8,5
3346,25,545,5,2024-11-09,9,86,9,4
3347,27,565,5,2024-11-09,9,86,8,4
3348,19,585,5,2024-11-09,9,86,7,5
3349,24,605,5,2024-11-09,9,86,8,4
3350,27,625,5,2024-11-09,9,86,7,5
3351,33,645,5,2024-11-09,9,86,7,5
3352,45,665,5,2024-11-09,9,86,9,4
3353,49,685,5,2024-11-09,9,86,4,4
3354,50,705,5,2024-11-09,9,86,5,4
3355,45,725,5,2024-11-09,10,85,2,4
3356,38,745,5,2024-11-09,10,85,3,4
3357,37,765,5,2024-11-09,10,84,2,4
3358,34,785,5,2024-11-09,9,84,4,4
3359,35,806,5,2024-11-09,10,85,3,3
3360,41,825,5,2024-11-09,9,85,2,3
3361,30,845,5,2024-11-09,9,86,2,3
3362,38,865,5,2024-11-09,10,87,2,3
3363,44,885,5,2024-11-09,10,87,2,3
3364,40,905,5,2024-11-09,5,87,9,6
3365,46,925,5,2024-11-09,5,87,9,6
3366,42,945,5,2024-11-09,5,87,10,6
3367,49,965,5,2024-11-09,5,87,10,6
3368,50,985,5,2024-11-09,5,87,10,6
3369,53,1005,5,2024-11-09,5,87,10,6
3370,54,1025,5,2024-11-09,5,88,30,6
3371,63,1045,5,2024-11-09,5,88,30,6
3372,64,1066,5,2024-11-09,5,88,10,6
3373,57,1085,5,2024-11-09,4,89,9,5
3374,56,1105,5,2024-11-09,4,89,10,6
3375,58,1125,5,2024-11-09,4,89,10,6
3376,63,1145,5,2024-11-09,4,89,10,6
3377,57,1165,5,2024-11-09,5,89,9,6
3378,59,1185,5,2024-11-09,5,89,10,6
3379,63,1205,5,2024-11-09,5,89,10,6
3380,53,1225,5,2024-11-09,5,89,10,6
3381,43,1245,5,2024-11-09,5,89,10,6
3382,0,305,6,2024-11-10,11,88,62,12
3383,1,325,6,2024-11-10,11,88,62,12
3384,0,345,6,2024-11-10,11,88,70,12
3385,0,365,6,2024-11-10,11,88,70,12
3386,0,385,6,2024-11-10,11,88,56,12
3387,0,405,6,2024-11-10,11,88,56,12
3388,0,426,6,2024-11-10,12,88,35,11
3389,0,445,6,2024-11-10,12,88,35,11
3390,3,465,6,2024-11-10,12,89,20,12
3391,5,485,6,2024-11-10,12,88,19,11
3392,15,505,6,2024-11-10,12,88,30,12
3393,31,525,6,2024-11-10,12,87,30,11
3394,26,545,6,2024-11-10,12,88,30,12
3395,23,565,6,2024-11-10,12,88,30,12
3396,16,585,6,2024-11-10,12,87,30,11
3397,17,605,6,2024-11-10,12,88,20,12
3398,24,625,6,2024-11-10,12,88,20,12
3399,31,645,6,2024-11-10,11,88,17,12
3400,35,665,6,2024-11-10,11,86,9,11
3401,33,685,6,2024-11-10,11,86,9,11
3402,37,705,6,2024-11-10,11,86,8,12
3403,37,725,6,2024-11-10,11,86,8,12
3404,31,745,6,2024-11-10,11,85,30,12
3405,28,765,6,2024-11-10,11,85,30,12
3406,25,785,6,2024-11-10,11,86,5,12
3407,22,805,6,2024-11-10,11,86,4,12
3408,23,825,6,2024-11-10,11,86,5,12
3409,34,845,6,2024-11-10,11,86,5,12
3410,32,865,6,2024-11-10,11,86,5,13
3411,26,885,6,2024-11-10,10,85,4,13
3412,21,905,6,2024-11-10,10,85,4,13
3413,14,925,6,2024-11-10,5,85,7,11
3414,23,945,6,2024-11-10,5,85,6,11
3415,15,965,6,2024-11-10,5,85,6,11
3416,25,985,6,2024-11-10,5,85,6,11
3417,36,1005,6,2024-11-10,5,85,6,11
3418,45,1025,6,2024-11-10,5,85,6,11
3419,36,1045,6,2024-11-10,5,85,14,11
3420,37,1065,6,2024-11-10,5,85,34,11
3421,34,1085,6,2024-11-10,5,85,12,10
3422,33,1105,6,2024-11-10,5,86,6,11
3423,35,1125,6,2024-11-10,5,87,6,11
3424,36,1145,6,2024-11-10,5,86,30,11
3425,48,1165,6,2024-11-10,5,86,30,11
3426,49,1185,6,2024-11-10,5,86,6,11
3427,45,1205,6,2024-11-10,5,86,6,11
3428,47,1225,6,2024-11-10,5,84,6,11
3429,37,1245,6,2024-11-10,5,85,6,11
3430,0,305,0,2024-11-11,11,78,7,8
3431,0,325,0,2024-11-11,11,78,7,8
3432,0,345,0,2024-11-11,11,79,7,8
3433,0,365,0,2024-11-11,11,79,7,8
3434,1,385,0,2024-11-11,11,80,7,8
3435,32,405,0,2024-11-11,11,79,7,8
3436,45,425,0,2024-11-11,11,79,7,8
3437,45,445,0,2024-11-11,11,78,6,8
3438,49,465,0,2024-11-11,11,78,6,8
3439,49,485,0,2024-11-11,11,77,7,9
3440,42,505,0,2024-11-11,11,78,7,8
3441,37,525,0,2024-11-11,11,77,7,9
3442,35,546,0,2024-11-11,11,77,7,9
3443,45,565,0,2024-11-11,11,77,6,8
3444,35,585,0,2024-11-11,11,77,7,9
3445,35,605,0,2024-11-11,11,77,7,8
3446,44,625,0,2024-11-11,11,76,7,9
3447,35,645,0,2024-11-11,11,77,7,9
3448,36,665,0,2024-11-11,11,77,7,9
3449,35,686,0,2024-11-11,11,77,4,7
3450,32,705,0,2024-11-11,11,77,4,7
3451,30,725,0,2024-11-11,11,78,3,8
3452,38,745,0,2024-11-11,11,78,3,8
3453,39,765,0,2024-11-11,11,80,3,8
3454,38,785,0,2024-11-11,11,80,2,8
3455,40,805,0,2024-11-11,12,80,3,8
3456,44,826,0,2024-11-11,12,80,3,8
3457,44,845,0,2024-11-11,12,81,3,8
3458,45,865,0,2024-11-11,12,79,3,6
3459,45,885,0,2024-11-11,12,79,3,6
3460,46,905,0,2024-11-11,12,81,3,6
3461,52,925,0,2024-11-11,2,91,8,6
3462,48,946,0,2024-11-11,2,90,8,5
3463,58,965,0,2024-11-11,2,91,9,6
3464,65,985,0,2024-11-11,2,92,9,5
3465,67,1005,0,2024-11-11,2,91,8,5
3466,62,1025,0,2024-11-11,2,92,8,5
3467,75,1045,0,2024-11-11,2,92,8,5
3468,95,1065,0,2024-11-11,2,93,9,5
3469,92,1085,0,2024-11-11,2,93,9,5
3470,96,1105,0,2024-11-11,2,93,9,5
3471,93,1125,0,2024-11-11,2,92,9,5
3472,91,1145,0,2024-11-11,2,92,9,5
3473,100,1165,0,2024-11-11,2,92,8,5
3474,95,1185,0,2024-11-11,2,92,8,5
3475,81,1205,0,2024-11-11,2,92,8,6
3476,77,1225,0,2024-11-11,2,92,8,6
3477,63,1245,0,2024-11-11,2,93,8,5
3478,1,305,1,2024-11-12,9,85,8,8
3479,1,325,1,2024-11-12,9,85,8,8
3480,1,345,1,2024-11-12,10,85,8,8
3481,1,365,1,2024-11-12,10,85,8,8
3482,0,385,1,2024-11-12,10,84,7,8
3483,20,405,1,2024-11-12,10,84,8,8
3484,39,425,1,2024-11-12,10,84,8,8
3485,47,445,1,2024-11-12,10,85,8,7
3486,43,465,1,2024-11-12,10,84,8,7
3487,30,485,1,2024-11-12,10,84,8,7
3488,25,505,1,2024-11-12,10,84,8,7
3489,29,525,1,2024-11-12,10,84,8,7
3490,35,545,1,2024-11-12,10,84,8,7
3491,35,565,1,2024-11-12,10,84,8,7
3492,28,585,1,2024-11-12,10,84,8,8
3493,24,605,1,2024-11-12,10,84,8,8
3494,35,625,1,2024-11-12,10,84,8,8
3495,34,646,1,2024-11-12,10,84,8,7
3496,31,665,1,2024-11-12,10,83,8,7
3497,34,685,1,2024-11-12,9,84,8,7
3498,29,705,1,2024-11-12,9,84,8,7
3499,34,725,1,2024-11-12,10,84,8,8
3500,37,745,1,2024-11-12,10,84,8,8
3501,35,765,1,2024-11-12,10,84,8,7
3502,30,785,1,2024-11-12,9,84,8,7
3503,32,805,1,2024-11-12,10,84,8,8
3504,35,825,1,2024-11-12,11,85,8,8
3505,34,845,1,2024-11-12,11,85,8,7
3506,34,865,1,2024-11-12,11,85,8,7
3507,35,885,1,2024-11-12,10,87,8,7
3508,26,905,1,2024-11-12,10,87,8,7
3509,36,925,1,2024-11-12,5,91,9,10
3510,46,945,1,2024-11-12,5,91,9,10
3511,46,965,1,2024-11-12,5,90,8,10
3512,58,985,1,2024-11-12,5,90,8,10
3513,62,1005,1,2024-11-12,5,90,8,10
3514,85,1025,1,2024-11-12,5,90,8,10
3515,90,1045,1,2024-11-12,5,92,8,10
3516,97,1065,1,2024-11-12,5,91,8,10
3517,94,1085,1,2024-11-12,5,91,8,11
3518,87,1105,1,2024-11-12,5,91,8,10
3519,79,1125,1,2024-11-12,5,91,8,11
3520,82,1145,1,2024-11-12,5,91,8,11
3521,80,1165,1,2024-11-12,5,91,8,11
3522,84,1185,1,2024-11-12,5,91,8,10
3523,80,1205,1,2024-11-12,5,91,8,10
3524,76,1225,1,2024-11-12,4,91,8,11
3525,80,1245,1,2024-11-12,4,91,8,11
3526,0,305,2,2024-11-13,13,87,8,11
3527,0,325,2,2024-11-13,13,87,8,11
3528,0,345,2,2024-11-13,13,87,8,11
3529,0,365,2,2024-11-13,13,87,8,11
3530,0,385,2,2024-11-13,13,88,8,11
3531,28,405,2,2024-11-13,13,87,8,11
3532,48,425,2,2024-11-13,13,87,8,12
3533,45,445,2,2024-11-13,13,87,8,11
3534,34,465,2,2024-11-13,13,88,8,12
3535,34,485,2,2024-11-13,13,87,8,13
3536,18,505,2,2024-11-13,13,87,8,12
3537,17,525,2,2024-11-13,13,87,8,12
3538,20,545,2,2024-11-13,13,87,8,12
3539,22,565,2,2024-11-13,13,86,8,11
3540,32,585,2,2024-11-13,13,86,8,12
3541,35,605,2,2024-11-13,13,86,8,15
3542,38,625,2,2024-11-13,13,86,8,15
3543,33,645,2,2024-11-13,13,86,8,15
3544,33,665,2,2024-11-13,13,86,8,15
3545,45,685,2,2024-11-13,14,85,8,14
3546,44,705,2,2024-11-13,14,85,3,14
3547,40,725,2,2024-11-13,14,85,3,14
3548,38,745,2,2024-11-13,14,85,3,11
3549,34,765,2,2024-11-13,14,85,3,11
3550,21,785,2,2024-11-13,14,85,3,11
3551,28,805,2,2024-11-13,13,86,3,10
3552,31,825,2,2024-11-13,13,86,3,10
3553,37,845,2,2024-11-13,14,89,3,10
3554,45,866,2,2024-11-13,14,89,3,10
3555,41,885,2,2024-11-13,14,87,3,8
3556,30,905,2,2024-11-13,2,90,8,7
3557,36,925,2,2024-11-13,14,90,3,9
3558,41,945,2,2024-11-13,2,91,8,7
3559,44,965,2,2024-11-13,2,91,8,7
3560,44,985,2,2024-11-13,2,92,8,11
3561,52,1005,2,2024-11-13,2,91,8,8
3562,53,1025,2,2024-11-13,2,92,8,9
3563,59,1045,2,2024-11-13,2,92,8,9
3564,60,1065,2,2024-11-13,2,92,8,9
3565,63,1085,2,2024-11-13,2,92,8,9
3566,62,1105,2,2024-11-13,2,92,8,9
3567,63,1125,2,2024-11-13,2,92,8,5
3568,58,1145,2,2024-11-13,2,92,8,5
3569,60,1165,2,2024-11-13,2,92,8,12
3570,67,1185,2,2024-11-13,2,92,8,9
3571,62,1206,2,2024-11-13,2,92,8,9
3572,61,1225,2,2024-11-13,2,91,8,10
3573,74,1245,2,2024-11-13,2,92,8,4
3574,2,305,3,2024-11-14,9,89,9,7
3575,2,325,3,2024-11-14,9,88,9,7
3576,2,345,3,2024-11-14,9,89,9,6
3577,2,365,3,2024-11-14,10,89,9,6
3578,3,385,3,2024-11-14,10,90,9,6
3579,21,405,3,2024-11-14,9,90,9,6
3580,33,425,3,2024-11-14,9,89,9,6
3581,45,445,3,2024-11-14,10,88,9,6
3582,35,465,3,2024-11-14,9,88,8,6
3583,31,485,3,2024-11-14,9,88,8,6
3584,28,505,3,2024-11-14,9,88,8,6
3585,31,525,3,2024-11-14,9,88,8,6
3586,28,545,3,2024-11-14,9,87,8,6
3587,35,565,3,2024-11-14,9,87,8,6
3588,33,585,3,2024-11-14,9,85,8,6
3589,30,605,3,2024-11-14,9,85,8,6
3590,35,625,3,2024-11-14,9,86,8,6
3591,34,645,3,2024-11-14,9,87,8,6
3592,31,665,3,2024-11-14,9,90,5,6
3593,35,685,3,2024-11-14,9,88,5,6
3594,36,705,3,2024-11-14,10,87,4,6
3595,29,725,3,2024-11-14,10,87,4,6
3596,31,745,3,2024-11-14,10,87,3,5
3597,28,765,3,2024-11-14,10,87,3,5
3598,26,785,3,2024-11-14,10,89,3,5
3599,34,805,3,2024-11-14,11,88,3,5
3600,32,825,3,2024-11-14,11,88,3,5
3601,30,845,3,2024-11-14,11,89,3,5
3602,20,865,3,2024-11-14,12,85,3,5
3603,23,885,3,2024-11-14,11,87,3,5
3604,20,905,3,2024-11-14,11,87,3,5
3605,25,925,3,2024-11-14,7,88,9,13
3606,36,945,3,2024-11-14,6,89,9,13
3607,35,965,3,2024-11-14,6,89,9,13
3608,46,985,3,2024-11-14,7,88,9,13
3609,45,1005,3,2024-11-14,7,88,9,13
3610,46,1025,3,2024-11-14,7,89,9,13
3611,54,1045,3,2024-11-14,6,90,9,13
3612,66,1065,3,2024-11-14,6,90,9,14
3613,62,1085,3,2024-11-14,6,90,9,13
3614,53,1105,3,2024-11-14,4,92,9,14
3615,51,1125,3,2024-11-14,5,90,9,13
3616,50,1145,3,2024-11-14,6,90,9,13
3617,53,1165,3,2024-11-14,4,92,9,14
3618,51,1185,3,2024-11-14,6,91,9,14
3619,49,1205,3,2024-11-14,6,91,9,14
3620,54,1225,3,2024-11-14,6,92,9,14
3621,45,1245,3,2024-11-14,6,92,9,14
3622,1,305,4,2024-11-15,13,86,6,21
3623,1,325,4,2024-11-15,13,87,6,21
3624,1,345,4,2024-11-15,13,87,6,21
3625,1,365,4,2024-11-15,13,87,6,21
3626,1,385,4,2024-11-15,13,86,6,21
3627,26,405,4,2024-11-15,13,86,5,21
3628,35,425,4,2024-11-15,13,85,6,21
3629,35,445,4,2024-11-15,13,85,6,21
3630,31,465,4,2024-11-15,13,85,6,21
3631,25,485,4,2024-11-15,13,85,6,21
3632,21,505,4,2024-11-15,13,86,6,20
3633,22,525,4,2024-11-15,13,85,6,21
3634,25,545,4,2024-11-15,13,84,6,21
3635,37,565,4,2024-11-15,13,85,6,20
3636,45,585,4,2024-11-15,13,84,6,21
3637,44,605,4,2024-11-15,13,84,6,20
3638,51,625,4,2024-11-15,13,84,6,21
3639,46,645,4,2024-11-15,13,84,6,21
3640,38,665,4,2024-11-15,13,83,6,21
3641,33,685,4,2024-11-15,13,83,6,21
3642,36,705,4,2024-11-15,13,82,3,21
3643,34,725,4,2024-11-15,13,81,2,21
3644,30,745,4,2024-11-15,13,82,2,21
3645,27,765,4,2024-11-15,14,82,2,21
3646,31,785,4,2024-11-15,14,82,2,23
3647,32,805,4,2024-11-15,14,82,2,22
3648,39,825,4,2024-11-15,14,82,2,22
3649,31,845,4,2024-11-15,13,85,2,21
3650,35,865,4,2024-11-15,13,85,2,21
3651,31,885,4,2024-11-15,13,85,2,21
3652,30,905,4,2024-11-15,13,85,2,21
3653,39,925,4,2024-11-15,6,79,18,23
3654,39,945,4,2024-11-15,6,79,18,23
3655,52,965,4,2024-11-15,6,79,18,23
3656,65,987,4,2024-11-15,6,80,12,20
3657,74,1005,4,2024-11-15,6,80,12,20
3658,75,1031,4,2024-11-15,5,80,13,21
3659,62,1047,4,2024-11-15,6,80,14,20
3660,66,1065,4,2024-11-15,6,80,16,20
3661,48,1087,4,2024-11-15,6,81,16,20
3662,37,1107,4,2024-11-15,6,80,13,22
3663,45,1125,4,2024-11-15,6,79,12,22
3664,47,1145,4,2024-11-15,6,80,12,26
3665,51,1165,4,2024-11-15,6,80,12,26
3666,46,1185,4,2024-11-15,6,80,8,24
3667,40,1205,4,2024-11-15,6,80,8,24
3668,42,1225,4,2024-11-15,6,80,6,24
3669,41,1245,4,2024-11-15,6,80,5,24
3670,0,305,5,2024-11-16,9,72,8,15
3671,1,325,5,2024-11-16,9,73,12,15
3672,1,345,5,2024-11-16,9,73,12,15
3673,1,365,5,2024-11-16,9,74,15,15
3674,1,385,5,2024-11-16,9,74,15,15
3675,0,405,5,2024-11-16,9,73,15,15
3676,0,425,5,2024-11-16,9,73,15,15
3677,1,445,5,2024-11-16,9,74,13,15
3678,1,465,5,2024-11-16,9,74,56,15
3679,1,485,5,2024-11-16,9,73,10,15
3680,18,505,5,2024-11-16,9,71,10,15
3681,21,525,5,2024-11-16,9,72,14,15
3682,24,545,5,2024-11-16,9,72,14,15
3683,18,565,5,2024-11-16,9,71,14,15
3684,16,585,5,2024-11-16,9,72,71,15
3685,21,605,5,2024-11-16,9,72,11,16
3686,25,625,5,2024-11-16,9,72,11,16
3687,35,645,5,2024-11-16,9,71,9,16
3688,33,665,5,2024-11-16,9,71,9,16
3689,42,685,5,2024-11-16,9,71,43,16
3690,39,705,5,2024-11-16,9,71,30,15
3691,45,725,5,2024-11-16,9,71,63,16
3692,39,745,5,2024-11-16,8,71,81,14
3693,32,765,5,2024-11-16,8,72,88,14
3694,28,785,5,2024-11-16,8,71,13,15
3695,23,805,5,2024-11-16,8,72,40,15
3696,25,825,5,2024-11-16,8,70,51,15
3697,23,845,5,2024-11-16,8,70,57,15
3698,24,865,5,2024-11-16,10,69,54,15
3699,25,885,5,2024-11-16,10,70,49,15
3700,27,905,5,2024-11-16,10,70,36,15
3701,33,925,5,2024-11-16,1,75,93,14
3702,30,945,5,2024-11-16,2,75,66,14
3703,30,965,5,2024-11-16,1,74,58,14
3704,34,985,5,2024-11-16,1,74,58,14
3705,38,1005,5,2024-11-16,1,75,49,14
3706,40,1025,5,2024-11-16,1,75,49,14
3707,49,1045,5,2024-11-16,1,76,6,14
3708,56,1065,5,2024-11-16,2,76,5,14
3709,48,1085,5,2024-11-16,2,75,17,14
3710,46,1105,5,2024-11-16,2,75,5,14
3711,30,1125,5,2024-11-16,2,75,5,14
3712,28,1145,5,2024-11-16,1,77,5,14
3713,32,1165,5,2024-11-16,1,77,5,14
3714,37,1185,5,2024-11-16,1,78,5,14
3715,28,1205,5,2024-11-16,1,78,5,14
3716,31,1225,5,2024-11-16,1,79,5,14
3717,27,1245,5,2024-11-16,1,79,5,14
3718,0,305,6,2024-11-17,6,72,4,11
3719,1,325,6,2024-11-17,6,72,4,11
3720,1,345,6,2024-11-17,6,70,3,11
3721,0,365,6,2024-11-17,6,70,3,10
3722,0,385,6,2024-11-17,6,71,3,11
3723,0,405,6,2024-11-17,6,71,3,11
3724,0,425,6,2024-11-17,6,69,3,11
3725,0,445,6,2024-11-17,6,68,3,11
3726,0,465,6,2024-11-17,6,68,3,11
3727,8,487,6,2024-11-17,6,68,3,11
3728,15,507,6,2024-11-17,6,68,3,11
3729,20,530,6,2024-11-17,7,67,3,11
3730,24,545,6,2024-11-17,7,67,3,11
3731,31,565,6,2024-11-17,6,70,4,10
3732,37,591,6,2024-11-17,6,70,9,10
3733,28,606,6,2024-11-17,6,70,8,10
3734,27,625,6,2024-11-17,6,70,10,10
3735,29,645,6,2024-11-17,6,70,10,10
3736,25,665,6,2024-11-17,5,71,2,9
3737,29,687,6,2024-11-17,5,70,2,9
3738,35,705,6,2024-11-17,5,71,2,9
3739,38,725,6,2024-11-17,5,71,2,9
3740,34,745,6,2024-11-17,6,70,2,13
3741,27,765,6,2024-11-17,6,70,2,12
3742,27,787,6,2024-11-17,6,71,2,10
3743,32,807,6,2024-11-17,6,71,2,10
3744,33,825,6,2024-11-17,6,73,15,9
3745,30,845,6,2024-11-17,6,73,15,9
3746,30,867,6,2024-11-17,6,74,2,8
3747,32,885,6,2024-11-17,6,74,2,8
3748,28,908,6,2024-11-17,5,75,2,8
3749,25,925,6,2024-11-17,-1,76,4,11
3750,31,945,6,2024-11-17,-2,76,4,11
3751,29,965,6,2024-11-17,-2,76,4,10
3752,40,985,6,2024-11-17,-2,76,4,10
3753,53,1005,6,2024-11-17,-2,76,4,10
3754,51,1025,6,2024-11-17,-2,76,4,10
3755,52,1050,6,2024-11-17,-2,76,4,10
3756,44,1065,6,2024-11-17,-1,75,4,10
3757,39,1085,6,2024-11-17,-1,76,11,10
3758,42,1108,6,2024-11-17,-1,76,11,10
3759,39,1125,6,2024-11-17,-1,77,24,11
3760,44,1145,6,2024-11-17,-1,77,24,11
3761,53,1165,6,2024-11-17,-2,77,4,11
3762,53,1185,6,2024-11-17,-2,77,5,11
3763,55,1205,6,2024-11-17,-2,77,5,11
3764,47,1225,6,2024-11-17,-2,77,24,10
3765,37,1245,6,2024-11-17,-1,78,4,11
3766,8,305,0,2024-11-18,4,71,5,14
3767,8,326,0,2024-11-18,4,71,5,13
3768,8,345,0,2024-11-18,4,71,5,13
3769,8,365,0,2024-11-18,4,71,5,12
3770,8,385,0,2024-11-18,4,70,5,9
3771,24,405,0,2024-11-18,4,70,5,9
3772,45,425,0,2024-11-18,4,70,5,9
3773,53,445,0,2024-11-18,4,71,5,9
3774,51,465,0,2024-11-18,4,71,5,9
3775,45,485,0,2024-11-18,4,71,5,10
3776,41,505,0,2024-11-18,4,71,5,10
3777,35,525,0,2024-11-18,4,71,5,9
3778,32,545,0,2024-11-18,4,69,5,12
3779,41,565,0,2024-11-18,4,68,5,11
3780,43,585,0,2024-11-18,4,68,5,11
3781,45,605,0,2024-11-18,4,68,4,10
3782,45,625,0,2024-11-18,4,68,5,10
3783,40,645,0,2024-11-18,4,68,5,10
3784,39,665,0,2024-11-18,4,68,5,10
3785,45,685,0,2024-11-18,4,68,5,10
3786,45,705,0,2024-11-18,4,70,2,8
3787,37,725,0,2024-11-18,4,68,2,8
3788,31,745,0,2024-11-18,4,67,2,8
3789,39,765,0,2024-11-18,4,67,2,8
3790,30,785,0,2024-11-18,4,67,2,8
3791,40,805,0,2024-11-18,4,72,2,7
3792,44,825,0,2024-11-18,4,72,2,7
3793,36,845,0,2024-11-18,3,73,2,6
3794,35,865,0,2024-11-18,3,75,2,5
3795,32,885,0,2024-11-18,3,75,2,5
3796,31,905,0,2024-11-18,3,75,2,5
3797,50,925,0,2024-11-18,-3,81,6,9
3798,59,945,0,2024-11-18,-3,81,6,9
3799,42,965,0,2024-11-18,-3,82,6,9
3800,52,985,0,2024-11-18,-3,81,5,8
3801,55,1005,0,2024-11-18,-3,81,6,9
3802,48,1025,0,2024-11-18,-3,82,6,9
3803,45,1045,0,2024-11-18,-3,82,6,9
3804,54,1065,0,2024-11-18,-3,83,6,9
3805,55,1085,0,2024-11-18,-3,83,6,9
3806,60,1105,0,2024-11-18,-3,83,6,9
3807,45,1127,0,2024-11-18,-3,81,5,8
3808,40,1145,0,2024-11-18,-3,82,5,9
3809,55,1165,0,2024-11-18,-3,82,5,9
3810,66,1185,0,2024-11-18,-3,83,6,9
3811,58,1206,0,2024-11-18,-3,83,6,9
3812,58,1225,0,2024-11-18,-3,82,6,9
3813,58,1245,0,2024-11-18,-3,82,6,9
3814,0,305,1,2024-11-19,4,71,19,13
3815,0,325,1,2024-11-19,4,75,56,13
3816,0,345,1,2024-11-19,4,71,24,13
3817,0,365,1,2024-11-19,4,75,38,13
3818,0,385,1,2024-11-19,4,70,2,13
3819,11,405,1,2024-11-19,4,69,6,13
3820,34,425,1,2024-11-19,4,69,6,13
3821,51,445,1,2024-11-19,4,69,7,13
3822,50,465,1,2024-11-19,4,67,10,13
3823,50,486,1,2024-11-19,4,67,10,13
3824,38,505,1,2024-11-19,4,66,10,13
3825,42,525,1,2024-11-19,4,65,10,13
3826,35,545,1,2024-11-19,4,64,24,13
3827,48,565,1,2024-11-19,4,64,24,13
3828,49,585,1,2024-11-19,4,64,16,14
3829,42,605,1,2024-11-19,4,64,16,14
3830,52,625,1,2024-11-19,4,75,34,13
3831,47,645,1,2024-11-19,4,75,34,13
3832,46,665,1,2024-11-19,4,75,33,14
3833,48,685,1,2024-11-19,4,75,33,14
3834,49,705,1,2024-11-19,3,75,52,12
3835,29,725,1,2024-11-19,3,75,52,12
3836,31,745,1,2024-11-19,3,75,70,13
3837,30,765,1,2024-11-19,3,75,70,13
3838,27,785,1,2024-11-19,3,75,63,14
3839,28,805,1,2024-11-19,3,75,62,13
3840,28,825,1,2024-11-19,3,75,62,13
3841,21,846,1,2024-11-19,3,75,62,13
3842,23,865,1,2024-11-19,4,75,46,13
3843,23,885,1,2024-11-19,4,75,51,13
3844,25,905,1,2024-11-19,-1,75,45,13
3845,38,925,1,2024-11-19,-1,75,45,13
3846,40,945,1,2024-11-19,-1,75,49,12
3847,45,965,1,2024-11-19,-1,75,67,13
3848,51,986,1,2024-11-19,-1,75,64,13
3849,64,1005,1,2024-11-19,-1,75,64,13
3850,64,1025,1,2024-11-19,-1,75,73,13
3851,75,1045,1,2024-11-19,-1,75,73,13
3852,71,1065,1,2024-11-19,-1,75,78,13
3853,67,1085,1,2024-11-19,-1,75,78,13
3854,69,1105,1,2024-11-19,-1,75,76,13
3855,62,1125,1,2024-11-19,-1,75,71,13
3856,59,1145,1,2024-11-19,-1,75,90,13
3857,72,1165,1,2024-11-19,-1,75,66,13
3858,71,1185,1,2024-11-19,-1,75,53,13
3859,80,1205,1,2024-11-19,-1,75,55,13
3860,89,1225,1,2024-11-19,-1,75,55,13
3861,90,1245,1,2024-11-19,-1,73,18,13
3862,0,445,2,2024-11-20,3,75,36,16
3863,0,465,2,2024-11-20,3,75,36,16
3864,0,485,2,2024-11-20,3,64,2,16
3865,0,505,2,2024-11-20,3,64,4,16
3866,0,525,2,2024-11-20,3,64,2,16
3867,0,545,2,2024-11-20,3,64,2,16
3868,0,566,2,2024-11-20,3,63,2,16
3869,0,586,2,2024-11-20,3,62,2,16
3870,0,605,2,2024-11-20,3,63,2,14
3871,0,625,2,2024-11-20,3,63,2,14
3872,0,645,2,2024-11-20,3,63,2,14
3873,0,665,2,2024-11-20,3,63,2,14
3874,0,685,2,2024-11-20,3,63,2,15
3875,0,705,2,2024-11-20,3,62,1,15
3876,0,725,2,2024-11-20,3,62,3,15
3877,0,745,2,2024-11-20,3,62,11,13
3878,0,765,2,2024-11-20,3,61,1,13
3879,0,785,2,2024-11-20,3,63,1,13
3880,0,805,2,2024-11-20,3,63,1,13
3881,0,825,2,2024-11-20,4,62,19,12
3882,0,845,2,2024-11-20,4,62,19,12
3883,0,865,2,2024-11-20,4,63,9,14
3884,0,885,2,2024-11-20,3,64,1,13
3885,0,905,2,2024-11-20,3,64,1,13
3886,0,926,2,2024-11-20,-2,70,23,16
3887,0,945,2,2024-11-20,-3,70,23,15
3888,0,965,2,2024-11-20,-3,70,23,15
3889,0,985,2,2024-11-20,-3,70,23,15
3890,0,1005,2,2024-11-20,-3,70,23,15
3891,0,1025,2,2024-11-20,-3,75,35,15
3892,0,1045,2,2024-11-20,-3,75,34,15
3893,0,1065,2,2024-11-20,-2,75,44,16
3894,0,1085,2,2024-11-20,-3,75,43,15
3895,0,1105,2,2024-11-20,-2,75,37,16
3896,0,1125,2,2024-11-20,-3,75,34,15
3897,0,1145,2,2024-11-20,-3,75,41,15
3898,0,1165,2,2024-11-20,-3,75,33,16
3899,0,1185,2,2024-11-20,-3,75,37,15
3900,0,1205,2,2024-11-20,-3,75,37,15
3901,0,1225,2,2024-11-20,-3,73,3,15
3902,0,1245,2,2024-11-20,-3,73,3,15
3903,0,305,3,2024-11-21,5,75,45,19
3904,0,325,3,2024-11-21,4,75,46,19
3905,0,345,3,2024-11-21,4,75,46,19
3906,0,365,3,2024-11-21,4,75,47,19
3907,0,385,3,2024-11-21,4,75,47,23
3908,0,405,3,2024-11-21,4,75,47,23
3909,0,425,3,2024-11-21,5,75,51,18
3910,0,445,3,2024-11-21,5,75,51,18
3911,0,465,3,2024-11-21,5,75,52,18
3912,0,485,3,2024-11-21,4,75,46,17
3913,0,505,3,2024-11-21,4,75,45,16
3914,0,525,3,2024-11-21,4,75,44,16
3915,0,545,3,2024-11-21,4,75,40,16
3916,0,565,3,2024-11-21,5,70,30,16
3917,0,586,3,2024-11-21,5,71,33,15
3918,0,605,3,2024-11-21,5,70,15,16
3919,0,625,3,2024-11-21,5,69,41,16
3920,0,645,3,2024-11-21,5,70,38,16
3921,0,665,3,2024-11-21,5,70,18,16
3922,0,685,3,2024-11-21,5,75,50,18
3923,0,705,3,2024-11-21,5,75,50,18
3924,0,726,3,2024-11-21,5,75,45,18
3925,0,745,3,2024-11-21,5,75,45,18
3926,0,765,3,2024-11-21,5,69,2,18
3927,0,785,3,2024-11-21,5,69,2,18
3928,0,805,3,2024-11-21,4,75,32,17
3929,0,825,3,2024-11-21,4,75,37,17
3930,0,845,3,2024-11-21,5,75,41,15
3931,0,865,3,2024-11-21,5,70,37,15
3932,0,885,3,2024-11-21,5,70,43,14
3933,29,906,3,2024-11-21,5,70,43,14
3934,31,925,3,2024-11-21,-1,75,57,15
3935,38,945,3,2024-11-21,-1,75,62,15
3936,48,965,3,2024-11-21,-1,75,24,17
3937,65,985,3,2024-11-21,-1,76,24,18
3938,71,1005,3,2024-11-21,-1,75,24,18
3939,69,1025,3,2024-11-21,-1,75,24,18
3940,59,1045,3,2024-11-21,-1,75,53,17
3941,55,1065,3,2024-11-21,-1,75,51,17
3942,62,1085,3,2024-11-21,-1,75,44,16
3943,65,1105,3,2024-11-21,-1,76,24,14
3944,60,1125,3,2024-11-21,-1,75,30,14
3945,65,1146,3,2024-11-21,-1,75,49,13
3946,62,1165,3,2024-11-21,-1,75,36,13
3947,58,1185,3,2024-11-21,-1,75,35,13
3948,54,1205,3,2024-11-21,-1,75,47,13
3949,57,1225,3,2024-11-21,-1,75,45,13
3950,54,1245,3,2024-11-21,-1,75,37,13
3951,1,305,4,2024-11-22,4,77,7,9
3952,1,326,4,2024-11-22,4,77,7,9
3953,1,345,4,2024-11-22,4,77,7,9
3954,1,365,4,2024-11-22,4,77,7,9
3955,1,385,4,2024-11-22,4,77,7,11
3956,18,405,4,2024-11-22,4,77,7,11
3957,31,425,4,2024-11-22,4,76,7,10
3958,34,445,4,2024-11-22,4,73,7,9
3959,26,465,4,2024-11-22,4,74,6,9
3960,25,485,4,2024-11-22,4,73,7,13
3961,25,505,4,2024-11-22,4,73,7,11
3962,23,525,4,2024-11-22,4,73,7,11
3963,28,545,4,2024-11-22,4,73,7,11
3964,37,565,4,2024-11-22,4,75,7,11
3965,31,585,4,2024-11-22,4,75,7,11
3966,35,605,4,2024-11-22,4,74,7,8
3967,42,625,4,2024-11-22,4,74,7,8
3968,38,645,4,2024-11-22,4,74,7,8
3969,29,665,4,2024-11-22,4,75,7,8
3970,32,685,4,2024-11-22,4,72,4,9
3971,33,705,4,2024-11-22,4,75,4,9
3972,40,725,4,2024-11-22,4,72,4,9
3973,37,745,4,2024-11-22,4,74,3,8
3974,29,765,4,2024-11-22,5,75,2,8
3975,25,785,4,2024-11-22,5,75,3,8
3976,29,806,4,2024-11-22,5,75,2,8
3977,37,825,4,2024-11-22,5,75,3,8
3978,35,845,4,2024-11-22,5,79,2,9
3979,34,865,4,2024-11-22,5,79,2,9
3980,32,885,4,2024-11-22,5,79,2,9
3981,27,905,4,2024-11-22,5,79,2,9
3982,37,925,4,2024-11-22,-3,89,35,12
3983,53,945,4,2024-11-22,-3,88,44,12
3984,62,965,4,2024-11-22,-3,90,35,12
3985,59,985,4,2024-11-22,-3,90,35,12
3986,68,1005,4,2024-11-22,-3,91,35,12
3987,73,1025,4,2024-11-22,-3,91,35,12
3988,70,1047,4,2024-11-22,-3,91,35,12
3989,72,1068,4,2024-11-22,-3,92,35,12
3990,72,1085,4,2024-11-22,-3,92,35,12
3991,59,1105,4,2024-11-22,-3,92,35,12
3992,57,1125,4,2024-11-22,-3,92,40,12
3993,65,1145,4,2024-11-22,-3,92,40,12
3994,75,1165,4,2024-11-22,-3,92,40,12
3995,76,1185,4,2024-11-22,-3,91,36,12
3996,72,1205,4,2024-11-22,-3,91,37,11
3997,82,1225,4,2024-11-22,-3,91,36,12
3998,69,1245,4,2024-11-22,-3,91,36,12
3999,20,305,5,2024-11-23,7,91,100,27
4000,21,325,5,2024-11-23,7,90,100,27
4001,20,345,5,2024-11-23,7,90,100,27
4002,20,365,5,2024-11-23,7,91,100,28
4003,20,385,5,2024-11-23,7,91,100,28
4004,20,405,5,2024-11-23,7,91,100,27
4005,20,425,5,2024-11-23,7,92,100,28
4006,20,445,5,2024-11-23,7,92,100,28
4007,21,465,5,2024-11-23,6,91,100,28
4008,7,485,5,2024-11-23,6,91,100,28
4009,13,505,5,2024-11-23,6,92,100,27
4010,20,525,5,2024-11-23,6,90,100,29
4011,18,545,5,2024-11-23,7,93,100,30
4012,16,565,5,2024-11-23,7,93,100,28
4013,16,585,5,2024-11-23,7,94,100,28
4014,21,605,5,2024-11-23,6,94,100,27
4015,19,625,5,2024-11-23,7,92,100,29
4016,33,645,5,2024-11-23,6,93,100,29
4017,39,665,5,2024-11-23,6,93,100,28
4018,31,685,5,2024-11-23,6,90,100,35
4019,22,705,5,2024-11-23,6,90,100,35
4020,19,725,5,2024-11-23,6,90,100,35
4021,23,745,5,2024-11-23,6,89,95,28
4022,20,765,5,2024-11-23,6,89,95,28
4023,18,785,5,2024-11-23,6,93,97,24
4024,18,805,5,2024-11-23,6,93,94,20
4025,24,825,5,2024-11-23,6,93,93,19
4026,29,845,5,2024-11-23,6,93,93,19
4027,32,865,5,2024-11-23,6,93,92,13
4028,30,885,5,2024-11-23,6,94,54,7
4029,27,905,5,2024-11-23,3,92,80,19
4030,25,925,5,2024-11-23,3,93,78,19
4031,30,945,5,2024-11-23,3,93,78,19
4032,39,965,5,2024-11-23,3,93,78,19
4033,47,985,5,2024-11-23,3,93,78,19
4034,55,1006,5,2024-11-23,3,93,78,19
4035,48,1025,5,2024-11-23,3,93,78,19
4036,50,1045,5,2024-11-23,3,92,78,19
4037,50,1065,5,2024-11-23,3,93,78,18
4038,41,1085,5,2024-11-23,3,92,83,18
4039,35,1105,5,2024-11-23,3,92,83,18
4040,37,1125,5,2024-11-23,3,91,91,18
4041,45,1145,5,2024-11-23,3,91,91,18
4042,44,1165,5,2024-11-23,3,91,98,19
4043,38,1185,5,2024-11-23,3,91,98,19
4044,36,1205,5,2024-11-23,3,90,86,19
4045,43,1225,5,2024-11-23,3,90,89,19
4046,41,1245,5,2024-11-23,4,90,88,19
4047,4,305,6,2024-11-24,13,74,56,35
4048,4,325,6,2024-11-24,13,75,62,30
4049,3,345,6,2024-11-24,12,75,89,29
4050,3,365,6,2024-11-24,11,73,4,24
4051,3,385,6,2024-11-24,11,73,4,24
4052,3,405,6,2024-11-24,11,72,4,23
4053,3,425,6,2024-11-24,11,72,4,22
4054,3,445,6,2024-11-24,11,72,4,22
4055,3,465,6,2024-11-24,11,72,4,22
4056,0,485,6,2024-11-24,11,72,4,23
4057,15,505,6,2024-11-24,11,72,4,22
4058,23,525,6,2024-11-24,11,72,4,23
4059,27,545,6,2024-11-24,11,71,4,22
4060,26,565,6,2024-11-24,11,71,4,22
4061,26,585,6,2024-11-24,11,71,4,21
4062,25,605,6,2024-11-24,11,71,4,21
4063,27,625,6,2024-11-24,11,70,4,21
4064,33,645,6,2024-11-24,11,70,4,21
4065,32,665,6,2024-11-24,11,68,2,21
4066,26,685,6,2024-11-24,11,68,2,21
4067,28,705,6,2024-11-24,11,69,2,20
4068,35,725,6,2024-11-24,11,70,2,20
4069,37,745,6,2024-11-24,11,70,2,20
4070,36,765,6,2024-11-24,11,70,2,20
4071,33,785,6,2024-11-24,11,69,2,21
4072,36,805,6,2024-11-24,11,69,2,21
4073,34,825,6,2024-11-24,12,69,2,20
4074,33,845,6,2024-11-24,12,69,2,21
4075,28,865,6,2024-11-24,12,69,2,20
4076,44,885,6,2024-11-24,12,69,2,21
4077,39,905,6,2024-11-24,7,73,24,29
4078,37,925,6,2024-11-24,7,73,24,29
4079,40,945,6,2024-11-24,7,73,24,29
4080,47,965,6,2024-11-24,7,73,19,28
4081,61,986,6,2024-11-24,7,73,19,29
4082,52,1005,6,2024-11-24,7,73,61,28
4083,42,1025,6,2024-11-24,7,73,33,28
4084,49,1045,6,2024-11-24,7,73,15,29
4085,48,1065,6,2024-11-24,7,73,15,29
4086,52,1085,6,2024-11-24,7,74,14,29
4087,52,1105,6,2024-11-24,7,72,16,29
4088,53,1125,6,2024-11-24,7,72,17,29
4089,55,1145,6,2024-11-24,7,72,19,30
4090,69,1165,6,2024-11-24,7,72,20,31
4091,63,1185,6,2024-11-24,7,72,24,30
4092,61,1205,6,2024-11-24,7,71,20,30
4093,58,1225,6,2024-11-24,7,71,17,30
4094,58,1245,6,2024-11-24,7,71,20,30
4095,3,305,0,2024-11-25,9,73,24,37
4096,3,325,0,2024-11-25,9,75,24,33
4097,3,345,0,2024-11-25,9,75,24,33
4098,3,365,0,2024-11-25,9,75,24,32
4099,3,385,0,2024-11-25,9,74,24,36
4100,22,405,0,2024-11-25,9,74,24,36
4101,39,425,0,2024-11-25,9,74,24,34
4102,45,445,0,2024-11-25,9,74,23,38
4103,37,465,0,2024-11-25,9,74,23,38
4104,31,485,0,2024-11-25,9,74,24,38
4105,29,505,0,2024-11-25,9,74,24,38
4106,28,525,0,2024-11-25,9,74,24,38
4107,33,545,0,2024-11-25,9,74,30,37
4108,39,565,0,2024-11-25,9,73,24,35
4109,37,585,0,2024-11-25,9,74,54,33
4110,34,605,0,2024-11-25,9,74,54,33
4111,38,625,0,2024-11-25,9,73,53,32
4112,39,645,0,2024-11-25,9,73,53,32
4113,35,665,0,2024-11-25,9,73,53,32
4114,28,685,0,2024-11-25,9,72,56,38
4115,27,706,0,2024-11-25,9,72,53,37
4116,24,725,0,2024-11-25,8,72,67,33
4117,31,745,0,2024-11-25,8,72,67,33
4118,26,765,0,2024-11-25,8,73,74,32
4119,28,785,0,2024-11-25,8,73,74,32
4120,27,805,0,2024-11-25,9,72,76,33
4121,23,825,0,2024-11-25,10,71,79,33
4122,18,845,0,2024-11-25,9,73,89,33
4123,30,865,0,2024-11-25,9,74,90,32
4124,20,885,0,2024-11-25,8,74,80,31
4125,30,905,0,2024-11-25,3,81,76,31
4126,43,925,0,2024-11-25,2,80,95,30
4127,49,945,0,2024-11-25,2,81,98,30
4128,59,965,0,2024-11-25,2,83,93,28
4129,63,985,0,2024-11-25,2,83,93,28
4130,62,1005,0,2024-11-25,2,82,99,27
4131,67,1025,0,2024-11-25,2,82,99,27
4132,67,1045,0,2024-11-25,2,83,100,26
4133,75,1065,0,2024-11-25,2,83,100,26
4134,78,1085,0,2024-11-25,3,84,100,26
4135,76,1105,0,2024-11-25,3,83,93,24
4136,73,1125,0,2024-11-25,3,84,96,23
4137,81,1145,0,2024-11-25,3,84,96,23
4138,84,1165,0,2024-11-25,3,84,84,23
4139,92,1185,0,2024-11-25,3,83,44,22
4140,86,1205,0,2024-11-25,3,83,42,22
4141,76,1225,0,2024-11-25,3,82,48,19
4142,71,1245,0,2024-11-25,3,82,48,19
4143,0,325,1,2024-11-26,7,84,42,8
4144,0,345,1,2024-11-26,7,84,41,7
4145,0,365,1,2024-11-26,7,84,49,7
4146,0,385,1,2024-11-26,7,82,71,9
4147,0,405,1,2024-11-26,7,82,71,9
4148,0,425,1,2024-11-26,7,84,88,7
4149,0,445,1,2024-11-26,7,83,96,8
4150,0,465,1,2024-11-26,7,84,92,7
4151,0,485,1,2024-11-26,7,84,92,7
4152,29,505,1,2024-11-26,7,83,56,5
4153,35,525,1,2024-11-26,7,83,15,5
4154,34,545,1,2024-11-26,7,84,15,5
4155,35,565,1,2024-11-26,7,84,15,5
4156,39,585,1,2024-11-26,7,83,15,5
4157,37,605,1,2024-11-26,7,83,15,5
4158,50,625,1,2024-11-26,7,83,15,5
4159,48,645,1,2024-11-26,7,83,14,4
4160,42,665,1,2024-11-26,7,82,13,5
4161,45,685,1,2024-11-26,7,82,14,5
4162,44,705,1,2024-11-26,7,82,10,4
4163,26,725,1,2024-11-26,7,82,10,4
4164,24,745,1,2024-11-26,7,79,7,3
4165,25,765,1,2024-11-26,7,79,7,3
4166,25,785,1,2024-11-26,8,81,4,3
4167,29,805,1,2024-11-26,8,81,4,3
4168,33,825,1,2024-11-26,8,81,4,3
4169,27,845,1,2024-11-26,8,81,4,3
4170,24,865,1,2024-11-26,8,81,4,3
4171,25,885,1,2024-11-26,8,81,4,3
4172,21,905,1,2024-11-26,1,84,14,6
4173,25,925,1,2024-11-26,1,84,14,6
4174,28,946,1,2024-11-26,1,86,12,8
4175,28,965,1,2024-11-26,1,86,12,8
4176,45,985,1,2024-11-26,1,85,30,8
4177,61,1005,1,2024-11-26,1,85,30,8
4178,66,1025,1,2024-11-26,1,85,30,8
4179,69,1045,1,2024-11-26,1,85,11,7
4180,58,1065,1,2024-11-26,1,86,13,6
4181,57,1085,1,2024-11-26,1,86,13,6
4182,63,1105,1,2024-11-26,1,86,11,6
4183,56,1125,1,2024-11-26,1,86,11,6
4184,50,1145,1,2024-11-26,1,86,30,7
4185,47,1165,1,2024-11-26,1,86,30,7
4186,56,1185,1,2024-11-26,1,86,11,6
4187,56,1205,1,2024-11-26,1,86,11,6
4188,52,1225,1,2024-11-26,1,86,11,6
4189,44,1245,1,2024-11-26,1,86,11,6
4190,0,305,2,2024-11-27,5,83,8,8
4191,0,325,2,2024-11-27,5,83,7,8
4192,0,345,2,2024-11-27,5,82,7,7
4193,0,365,2,2024-11-27,5,82,7,7
4194,1,385,2,2024-11-27,5,81,7,7
4195,24,405,2,2024-11-27,5,81,7,7
4196,38,425,2,2024-11-27,5,80,6,7
4197,40,445,2,2024-11-27,5,80,6,7
4198,42,465,2,2024-11-27,5,80,16,7
4199,28,485,2,2024-11-27,5,80,16,7
4200,22,505,2,2024-11-27,5,80,16,7
4201,24,525,2,2024-11-27,5,80,16,7
4202,29,545,2,2024-11-27,5,79,16,7
4203,40,565,2,2024-11-27,5,81,16,7
4204,41,585,2,2024-11-27,5,80,7,7
4205,33,605,2,2024-11-27,5,80,7,7
4206,38,625,2,2024-11-27,5,80,7,7
4207,41,645,2,2024-11-27,5,80,7,7
4208,32,665,2,2024-11-27,5,78,6,7
4209,32,686,2,2024-11-27,4,79,5,7
4210,38,705,2,2024-11-27,4,79,5,7
4211,32,725,2,2024-11-27,4,79,4,7
4212,36,745,2,2024-11-27,5,75,3,7
4213,42,765,2,2024-11-27,5,75,3,7
4214,35,785,2,2024-11-27,5,77,4,7
4215,35,805,2,2024-11-27,6,77,5,6
4216,33,825,2,2024-11-27,6,78,3,6
4217,38,845,2,2024-11-27,6,79,3,9
4218,52,865,2,2024-11-27,6,79,3,9
4219,49,885,2,2024-11-27,6,79,3,6
4220,53,905,2,2024-11-27,6,79,3,6
4221,55,925,2,2024-11-27,-3,85,7,7
4222,63,945,2,2024-11-27,-3,85,7,7
4223,65,965,2,2024-11-27,-3,86,7,7
4224,77,985,2,2024-11-27,-3,86,7,7
4225,74,1005,2,2024-11-27,-3,86,7,7
4226,67,1025,2,2024-11-27,-3,86,7,7
4227,67,1045,2,2024-11-27,-3,86,6,7
4228,61,1065,2,2024-11-27,-3,87,7,7
4229,72,1085,2,2024-11-27,-3,86,7,7
4230,68,1105,2,2024-11-27,-3,88,7,7
4231,66,1125,2,2024-11-27,-3,88,7,7
4232,67,1145,2,2024-11-27,-3,87,6,7
4233,75,1165,2,2024-11-27,-3,86,6,7
4234,90,1185,2,2024-11-27,-3,87,6,7
4235,90,1205,2,2024-11-27,-3,87,6,7
4236,87,1225,2,2024-11-27,-3,87,6,7
4237,75,1245,2,2024-11-27,-3,87,6,7
4238,0,305,3,2024-11-28,4,82,8,9
4239,0,325,3,2024-11-28,4,81,8,9
4240,0,345,3,2024-11-28,4,82,8,9
4241,0,365,3,2024-11-28,4,81,8,9
4242,0,385,3,2024-11-28,4,81,8,9
4243,13,405,3,2024-11-28,4,81,8,8
4244,28,425,3,2024-11-28,4,81,8,10
4245,28,445,3,2024-11-28,4,80,8,9
4246,30,465,3,2024-11-28,4,80,8,9
4247,25,485,3,2024-11-28,4,80,8,9
4248,18,505,3,2024-11-28,4,80,8,9
4249,15,525,3,2024-11-28,4,80,8,9
4250,8,545,3,2024-11-28,4,80,8,9
4251,14,565,3,2024-11-28,4,80,8,9
4252,15,585,3,2024-11-28,4,79,8,9
4253,16,605,3,2024-11-28,3,80,8,8
4254,25,625,3,2024-11-28,4,80,8,9
4255,26,645,3,2024-11-28,4,80,8,9
4256,23,665,3,2024-11-28,3,80,9,8
4257,23,685,3,2024-11-28,3,80,8,9
4258,18,705,3,2024-11-28,3,79,4,9
4259,12,725,3,2024-11-28,3,83,3,9
4260,20,745,3,2024-11-28,3,83,3,9
4261,17,765,3,2024-11-28,3,83,3,9
4262,14,785,3,2024-11-28,3,87,3,9
4263,17,805,3,2024-11-28,3,87,3,9
4264,15,825,3,2024-11-28,4,87,3,9
4265,21,845,3,2024-11-28,4,84,3,9
4266,22,865,3,2024-11-28,4,87,3,9
4267,26,885,3,2024-11-28,4,87,3,9
4268,26,905,3,2024-11-28,0,85,88,9
4269,33,925,3,2024-11-28,0,85,88,9
4270,46,945,3,2024-11-28,0,84,91,9
4271,44,965,3,2024-11-28,0,83,81,9
4272,43,985,3,2024-11-28,0,83,82,9
4273,45,1005,3,2024-11-28,-1,84,66,9
4274,47,1025,3,2024-11-28,-1,84,60,9
4275,49,1045,3,2024-11-28,-1,84,55,8
4276,57,1066,3,2024-11-28,0,85,50,8
4277,48,1085,3,2024-11-28,0,84,43,9
4278,36,1106,3,2024-11-28,0,83,38,9
4279,41,1125,3,2024-11-28,2,84,57,8
4280,34,1145,3,2024-11-28,2,84,57,8
4281,40,1165,3,2024-11-28,1,83,48,7
4282,40,1185,3,2024-11-28,1,83,48,7
4283,49,1205,3,2024-11-28,1,79,87,7
4284,50,1225,3,2024-11-28,1,79,84,7
4285,47,1245,3,2024-11-28,3,79,99,7
4286,0,305,4,2024-11-29,9,89,85,6
4287,0,325,4,2024-11-29,9,89,85,6
4288,0,345,4,2024-11-29,10,89,81,6
4289,0,366,4,2024-11-29,10,89,78,6
4290,0,385,4,2024-11-29,10,89,78,6
4291,19,405,4,2024-11-29,10,89,81,6
4292,27,425,4,2024-11-29,10,88,68,6
4293,32,445,4,2024-11-29,9,89,76,6
4294,30,465,4,2024-11-29,9,88,76,6
4295,24,485,4,2024-11-29,9,88,76,6
4296,22,506,4,2024-11-29,9,88,75,7
4297,22,525,4,2024-11-29,9,89,76,6
4298,27,545,4,2024-11-29,9,88,76,7
4299,35,565,4,2024-11-29,9,88,76,7
4300,37,585,4,2024-11-29,10,87,66,7
4301,37,605,4,2024-11-29,9,89,71,6
4302,45,625,4,2024-11-29,9,89,71,6
4303,48,645,4,2024-11-29,9,87,66,7
4304,44,666,4,2024-11-29,10,87,65,7
4305,44,685,4,2024-11-29,9,86,65,6
4306,37,705,4,2024-11-29,9,86,65,6
4307,34,725,4,2024-11-29,9,86,61,7
4308,40,745,4,2024-11-29,9,86,61,7
4309,45,765,4,2024-11-29,8,87,65,7
4310,57,785,4,2024-11-29,10,87,66,6
4311,57,805,4,2024-11-29,10,87,66,6
4312,58,825,4,2024-11-29,9,87,54,7
4313,46,845,4,2024-11-29,9,87,56,6
4314,63,865,4,2024-11-29,9,87,48,6
4315,65,885,4,2024-11-29,9,86,42,7
4316,64,905,4,2024-11-29,7,89,56,16
4317,75,925,4,2024-11-29,7,89,50,15
4318,75,945,4,2024-11-29,8,89,48,16
4319,76,965,4,2024-11-29,6,90,67,15
4320,69,985,4,2024-11-29,6,90,67,15
4321,74,1005,4,2024-11-29,6,90,58,16
4322,77,1025,4,2024-11-29,6,90,63,15
4323,77,1045,4,2024-11-29,6,90,47,15
4324,73,1065,4,2024-11-29,6,90,55,16
4325,74,1085,4,2024-11-29,6,90,55,16
4326,76,1105,4,2024-11-29,6,90,94,16
4327,71,1125,4,2024-11-29,6,90,83,16
4328,70,1145,4,2024-11-29,5,91,98,15
4329,80,1165,4,2024-11-29,5,91,95,15
4330,76,1185,4,2024-11-29,5,91,95,15
4331,83,1205,4,2024-11-29,6,90,89,15
4332,79,1225,4,2024-11-29,6,90,93,15
4333,65,1245,4,2024-11-29,6,90,59,15
4334,0,305,5,2024-11-30,13,86,41,14
4335,1,325,5,2024-11-30,13,86,41,14
4336,1,345,5,2024-11-30,13,87,10,14
4337,1,365,5,2024-11-30,13,87,10,14
4338,0,385,5,2024-11-30,13,86,10,14
4339,0,405,5,2024-11-30,13,85,12,14
4340,0,425,5,2024-11-30,13,85,12,14
4341,0,445,5,2024-11-30,13,85,8,19
4342,2,465,5,2024-11-30,13,85,8,19
4343,1,485,5,2024-11-30,13,85,46,14
4344,13,505,5,2024-11-30,13,85,36,14
4345,18,525,5,2024-11-30,13,84,8,14
4346,24,545,5,2024-11-30,13,84,8,14
4347,25,565,5,2024-11-30,13,84,8,14
4348,29,585,5,2024-11-30,13,84,8,14
4349,32,605,5,2024-11-30,13,86,8,13
4350,36,625,5,2024-11-30,13,86,8,13
4351,30,645,5,2024-11-30,13,86,8,13
4352,33,665,5,2024-11-30,13,86,8,13
4353,24,685,5,2024-11-30,13,85,5,13
4354,28,705,5,2024-11-30,13,85,3,13
4355,33,725,5,2024-11-30,13,85,3,13
4356,31,745,5,2024-11-30,13,85,3,13
4357,25,765,5,2024-11-30,13,85,9,13
4358,15,785,5,2024-11-30,13,85,9,13
4359,23,805,5,2024-11-30,14,84,3,13
4360,28,825,5,2024-11-30,14,83,3,13
4361,30,845,5,2024-11-30,12,85,13,13
4362,28,865,5,2024-11-30,12,85,13,13
4363,33,885,5,2024-11-30,12,85,3,13
4364,35,905,5,2024-11-30,12,85,3,13
4365,35,925,5,2024-11-30,11,85,83,20
4366,37,945,5,2024-11-30,11,85,83,20
4367,33,966,5,2024-11-30,11,85,83,20
4368,43,985,5,2024-11-30,11,85,83,19
4369,43,1005,5,2024-11-30,11,84,85,20
4370,37,1025,5,2024-11-30,11,84,83,20
4371,39,1045,5,2024-11-30,11,85,83,20
4372,38,1065,5,2024-11-30,11,85,86,20
4373,40,1085,5,2024-11-30,11,85,86,20
4374,37,1105,5,2024-11-30,11,85,86,20
4375,33,1125,5,2024-11-30,11,86,85,19
4376,31,1145,5,2024-11-30,11,85,85,19
4377,33,1165,5,2024-11-30,11,85,86,20
4378,25,1185,5,2024-11-30,11,85,70,20
4379,29,1205,5,2024-11-30,11,84,70,20
4380,34,1225,5,2024-11-30,11,84,71,20
4381,1,1245,5,2024-11-30,11,84,71,20
4382,0,305,6,2024-12-01,13,84,57,14
4383,1,325,6,2024-12-01,13,84,57,14
4384,1,345,6,2024-12-01,13,85,93,14
4385,0,365,6,2024-12-01,13,85,93,14
4386,0,385,6,2024-12-01,13,85,68,14
4387,0,405,6,2024-12-01,13,85,68,14
4388,0,425,6,2024-12-01,13,87,50,14
4389,0,445,6,2024-12-01,13,86,89,13
4390,0,465,6,2024-12-01,13,86,51,14
4391,7,485,6,2024-12-01,13,86,51,14
4392,15,505,6,2024-12-01,13,87,73,14
4393,25,526,6,2024-12-01,13,87,61,14
4394,28,545,6,2024-12-01,13,86,84,13
4395,35,565,6,2024-12-01,13,86,24,13
4396,28,585,6,2024-12-01,13,85,15,13
4397,31,605,6,2024-12-01,13,85,30,12
4398,30,625,6,2024-12-01,13,85,30,12
4399,30,645,6,2024-12-01,13,84,15,12
4400,32,665,6,2024-12-01,13,85,15,12
4401,27,685,6,2024-12-01,14,83,15,13
4402,35,705,6,2024-12-01,14,83,15,13
4403,35,725,6,2024-12-01,14,82,15,16
4404,38,745,6,2024-12-01,14,82,15,16
4405,35,765,6,2024-12-01,14,82,15,15
4406,26,785,6,2024-12-01,13,83,44,15
4407,32,805,6,2024-12-01,14,83,15,13
4408,39,825,6,2024-12-01,14,83,15,13
4409,41,845,6,2024-12-01,14,83,15,13
4410,32,865,6,2024-12-01,13,85,15,14
4411,30,885,6,2024-12-01,13,86,15,14
4412,25,905,6,2024-12-01,12,87,15,14
4413,28,925,6,2024-12-01,4,88,76,14
4414,30,945,6,2024-12-01,5,89,81,14
4415,24,965,6,2024-12-01,4,88,79,15
4416,25,985,6,2024-12-01,4,89,77,14
4417,28,1005,6,2024-12-01,5,89,71,14
4418,31,1025,6,2024-12-01,5,89,71,16
4419,31,1045,6,2024-12-01,5,89,71,14
4420,37,1065,6,2024-12-01,4,89,69,15
4421,43,1085,6,2024-12-01,4,89,69,15
4422,45,1105,6,2024-12-01,4,89,71,15
4423,51,1125,6,2024-12-01,4,89,81,16
4424,49,1145,6,2024-12-01,4,89,81,16
4425,46,1165,6,2024-12-01,5,89,83,16
4426,51,1185,6,2024-12-01,5,89,85,16
4427,43,1205,6,2024-12-01,5,90,84,16
4428,43,1225,6,2024-12-01,5,90,84,16
4429,34,1245,6,2024-12-01,5,90,84,16
4430,12,305,0,2024-12-02,7,76,99,15
4431,12,325,0,2024-12-02,6,76,96,12
4432,12,345,0,2024-12-02,6,76,96,12
4433,12,365,0,2024-12-02,6,74,86,12
4434,1,385,0,2024-12-02,6,74,86,12
4435,13,405,0,2024-12-02,6,74,59,12
4436,19,425,0,2024-12-02,6,74,59,12
4437,29,445,0,2024-12-02,8,72,78,12
4438,31,465,0,2024-12-02,8,72,78,12
4439,28,485,0,2024-12-02,8,73,76,12
4440,22,505,0,2024-12-02,6,74,46,13
4441,18,525,0,2024-12-02,6,73,16,12
4442,25,545,0,2024-12-02,6,73,16,12
4443,28,565,0,2024-12-02,7,73,24,14
4444,28,585,0,2024-12-02,7,73,24,14
4445,25,605,0,2024-12-02,6,73,24,14
4446,29,625,0,2024-12-02,7,72,24,12
4447,31,645,0,2024-12-02,7,71,15,13
4448,30,665,0,2024-12-02,7,71,15,13
4449,39,685,0,2024-12-02,7,71,7,10
4450,37,705,0,2024-12-02,6,72,24,11
4451,33,725,0,2024-12-02,6,72,24,11
4452,35,745,0,2024-12-02,6,72,33,11
4453,27,765,0,2024-12-02,6,72,16,11
4454,22,785,0,2024-12-02,6,73,17,11
4455,22,805,0,2024-12-02,7,73,24,10
4456,22,825,0,2024-12-02,7,73,36,10
4457,26,845,0,2024-12-02,6,72,58,9
4458,38,865,0,2024-12-02,6,73,58,9
4459,43,885,0,2024-12-02,6,72,50,9
4460,40,905,0,2024-12-02,-2,82,73,7
4461,42,925,0,2024-12-02,-2,82,69,8
4462,37,946,0,2024-12-02,-2,82,59,7
4463,41,965,0,2024-12-02,-2,82,58,7
4464,36,985,0,2024-12-02,-2,82,56,7
4465,42,1005,0,2024-12-02,-2,81,50,6
4466,43,1025,0,2024-12-02,-2,82,64,6
4467,59,1046,0,2024-12-02,-2,75,60,6
4468,73,1065,0,2024-12-02,-2,75,52,6
4469,65,1085,0,2024-12-02,-2,75,40,6
4470,65,1105,0,2024-12-02,-2,83,13,5
4471,59,1126,0,2024-12-02,-2,75,68,5
4472,52,1145,0,2024-12-02,-1,85,6,6
4473,51,1165,0,2024-12-02,-1,85,6,6
4474,66,1185,0,2024-12-02,-1,85,6,6
4475,69,1205,0,2024-12-02,-2,85,12,8
4476,63,1225,0,2024-12-02,-1,85,6,7
4477,60,1245,0,2024-12-02,-2,85,6,6
4478,27,625,1,2024-12-03,5,80,86,10
4479,27,645,1,2024-12-03,5,80,86,10
4480,27,665,1,2024-12-03,5,80,86,10
4481,27,685,1,2024-12-03,4,82,91,10
4482,27,705,1,2024-12-03,4,81,93,10
4483,27,725,1,2024-12-03,4,81,93,10
4484,27,745,1,2024-12-03,4,82,94,10
4485,27,765,1,2024-12-03,3,82,97,9
4486,27,785,1,2024-12-03,4,81,99,10
4487,27,805,1,2024-12-03,4,82,88,10
4488,27,825,1,2024-12-03,4,82,91,10
4489,27,845,1,2024-12-03,4,81,77,10
4490,27,865,1,2024-12-03,4,81,77,10
4491,27,885,1,2024-12-03,4,82,57,10
4492,27,905,1,2024-12-03,2,89,67,11
4493,27,925,1,2024-12-03,2,89,67,11
4494,27,945,1,2024-12-03,2,90,51,11
4495,27,965,1,2024-12-03,2,90,51,11
4496,27,985,1,2024-12-03,2,90,80,11
4497,27,1005,1,2024-12-03,2,90,77,11
4498,27,1025,1,2024-12-03,2,91,77,11
4499,27,1045,1,2024-12-03,2,91,95,11
4500,27,1065,1,2024-12-03,1,92,97,10
4501,27,1085,1,2024-12-03,2,93,100,11
4502,27,1105,1,2024-12-03,2,93,100,11
4503,27,1125,1,2024-12-03,2,93,100,11
4504,27,1145,1,2024-12-03,2,93,100,11
4505,27,1166,1,2024-12-03,2,92,89,11
4506,27,1185,1,2024-12-03,2,92,89,11
4507,27,1205,1,2024-12-03,1,93,63,11
4508,27,1225,1,2024-12-03,1,92,88,11
4509,27,1245,1,2024-12-03,1,91,39,11
4510,28,305,2,2024-12-04,7,88,90,17
4511,28,325,2,2024-12-04,7,88,90,17
4512,28,345,2,2024-12-04,6,88,90,17
4513,28,365,2,2024-12-04,7,88,93,17
4514,29,385,2,2024-12-04,6,88,93,18
4515,39,405,2,2024-12-04,6,88,94,18
4516,55,425,2,2024-12-04,7,88,94,18
4517,62,445,2,2024-12-04,7,88,94,18
4518,69,465,2,2024-12-04,7,88,98,18
4519,65,485,2,2024-12-04,7,88,97,18
4520,58,505,2,2024-12-04,7,88,97,18
4521,56,525,2,2024-12-04,7,88,97,18
4522,52,545,2,2024-12-04,7,88,98,18
4523,55,565,2,2024-12-04,7,88,97,18
4524,61,585,2,2024-12-04,7,88,97,18
4525,69,605,2,2024-12-04,7,87,98,18
4526,75,625,2,2024-12-04,7,87,98,18
4527,77,645,2,2024-12-04,7,87,99,18
4528,73,665,2,2024-12-04,7,88,99,18
4529,81,685,2,2024-12-04,7,88,100,18
4530,76,705,2,2024-12-04,7,88,100,18
4531,79,725,2,2024-12-04,7,88,100,18
4532,72,745,2,2024-12-04,7,88,100,18
4533,75,765,2,2024-12-04,7,89,100,18
4534,76,785,2,2024-12-04,7,87,100,18
4535,79,805,2,2024-12-04,6,88,95,17
4536,74,825,2,2024-12-04,7,86,83,17
4537,78,845,2,2024-12-04,7,86,83,17
4538,82,865,2,2024-12-04,7,86,71,18
4539,91,885,2,2024-12-04,7,86,71,18
4540,91,905,2,2024-12-04,7,86,58,17
4541,91,925,2,2024-12-04,5,89,85,18
4542,44,945,2,2024-12-04,6,88,74,19
4543,39,965,2,2024-12-04,6,88,77,18
4544,42,985,2,2024-12-04,6,88,93,18
4545,60,1005,2,2024-12-04,6,88,97,19
4546,70,1025,2,2024-12-04,6,88,100,18
4547,74,1045,2,2024-12-04,6,88,100,18
4548,65,1065,2,2024-12-04,6,89,100,19
4549,65,1085,2,2024-12-04,6,89,100,18
4550,79,1105,2,2024-12-04,6,90,100,17
4551,77,1125,2,2024-12-04,6,89,100,18
4552,66,1145,2,2024-12-04,6,90,100,16
4553,64,1166,2,2024-12-04,6,90,97,16
4554,65,1185,2,2024-12-04,6,90,97,16
4555,65,1205,2,2024-12-04,7,90,100,19
4556,67,1225,2,2024-12-04,7,91,100,16
4557,65,1245,2,2024-12-04,7,92,95,16
4558,0,305,3,2024-12-05,9,88,63,12
4559,0,325,3,2024-12-05,9,88,63,12
4560,0,345,3,2024-12-05,9,87,50,12
4561,0,365,3,2024-12-05,9,87,49,13
4562,1,385,3,2024-12-05,9,86,48,13
4563,15,405,3,2024-12-05,9,86,58,12
4564,22,425,3,2024-12-05,9,86,63,13
4565,26,445,3,2024-12-05,9,86,59,12
4566,30,465,3,2024-12-05,9,86,59,13
4567,27,485,3,2024-12-05,9,86,59,13
4568,22,505,3,2024-12-05,9,87,75,13
4569,26,525,3,2024-12-05,9,86,90,13
4570,25,545,3,2024-12-05,9,85,92,13
4571,29,565,3,2024-12-05,9,85,87,14
4572,25,585,3,2024-12-05,9,86,87,14
4573,32,606,3,2024-12-05,9,84,87,14
4574,34,625,3,2024-12-05,9,84,80,14
4575,35,645,3,2024-12-05,9,84,74,13
4576,37,665,3,2024-12-05,9,84,74,13
4577,44,685,3,2024-12-05,10,83,58,13
4578,37,705,3,2024-12-05,10,83,56,14
4579,37,725,3,2024-12-05,10,84,53,14
4580,44,745,3,2024-12-05,9,83,42,14
4581,52,765,3,2024-12-05,9,83,39,14
4582,45,785,3,2024-12-05,10,84,24,14
4583,39,805,3,2024-12-05,10,84,24,15
4584,37,825,3,2024-12-05,10,84,21,15
4585,43,845,3,2024-12-05,10,82,21,15
4586,46,865,3,2024-12-05,9,83,21,15
4587,51,885,3,2024-12-05,10,82,21,15
4588,57,905,3,2024-12-05,3,77,35,20
4589,58,926,3,2024-12-05,3,77,35,20
4590,55,945,3,2024-12-05,3,77,100,20
4591,56,965,3,2024-12-05,3,78,94,20
4592,59,985,3,2024-12-05,3,77,81,20
4593,64,1005,3,2024-12-05,3,77,23,20
4594,75,1025,3,2024-12-05,3,77,37,20
4595,80,1045,3,2024-12-05,3,78,88,20
4596,80,1065,3,2024-12-05,3,78,100,20
4597,91,1085,3,2024-12-05,3,78,100,20
4598,65,1105,3,2024-12-05,3,78,59,20
4599,58,1125,3,2024-12-05,3,78,75,21
4600,65,1145,3,2024-12-05,3,78,75,21
4601,68,1165,3,2024-12-05,3,75,16,21
4602,55,1185,3,2024-12-05,3,75,7,21
4603,52,1205,3,2024-12-05,3,76,6,20
4604,54,1225,3,2024-12-05,3,74,4,20
4605,43,1245,3,2024-12-05,3,74,4,20
4606,2,305,4,2024-12-06,6,77,98,12
4607,2,325,4,2024-12-06,6,78,98,11
4608,2,345,4,2024-12-06,6,79,97,11
4609,2,365,4,2024-12-06,6,79,97,11
4610,3,385,4,2024-12-06,6,78,97,11
4611,13,405,4,2024-12-06,6,77,99,12
4612,19,425,4,2024-12-06,6,78,99,11
4613,24,445,4,2024-12-06,6,78,99,11
4614,31,465,4,2024-12-06,6,78,99,11
4615,32,485,4,2024-12-06,6,81,99,11
4616,29,505,4,2024-12-06,6,81,99,11
4617,32,525,4,2024-12-06,6,81,99,11
4618,27,545,4,2024-12-06,6,80,99,11
4619,23,565,4,2024-12-06,6,80,99,11
4620,25,585,4,2024-12-06,6,80,99,11
4621,39,605,4,2024-12-06,6,80,99,11
4622,46,625,4,2024-12-06,6,79,99,11
4623,45,645,4,2024-12-06,6,81,99,11
4624,46,665,4,2024-12-06,6,81,99,11
4625,38,685,4,2024-12-06,7,80,99,11
4626,37,705,4,2024-12-06,7,80,99,10
4627,33,725,4,2024-12-06,6,82,99,11
4628,36,745,4,2024-12-06,6,82,99,11
4629,35,765,4,2024-12-06,6,83,100,10
4630,32,785,4,2024-12-06,6,83,100,10
4631,29,805,4,2024-12-06,6,84,89,11
4632,22,825,4,2024-12-06,6,84,89,11
4633,31,845,4,2024-12-06,6,84,73,10
4634,38,865,4,2024-12-06,6,84,70,11
4635,32,885,4,2024-12-06,6,84,75,10
4636,32,905,4,2024-12-06,3,92,100,27
4637,35,925,4,2024-12-06,3,92,100,25
4638,37,945,4,2024-12-06,3,91,100,28
4639,43,965,4,2024-12-06,3,91,100,28
4640,47,985,4,2024-12-06,3,92,100,28
4641,52,1005,4,2024-12-06,3,92,100,28
4642,54,1025,4,2024-12-06,3,90,100,28
4643,66,1045,4,2024-12-06,3,90,100,28
4644,59,1065,4,2024-12-06,3,90,100,28
4645,57,1085,4,2024-12-06,3,91,100,29
4646,50,1105,4,2024-12-06,3,92,100,29
4647,45,1125,4,2024-12-06,3,92,100,29
4648,49,1145,4,2024-12-06,3,94,100,28
4649,57,1165,4,2024-12-06,3,94,100,28
4650,61,1185,4,2024-12-06,1,95,100,27
4651,56,1205,4,2024-12-06,1,95,100,27
4652,53,1225,4,2024-12-06,1,94,100,27
4653,55,1245,4,2024-12-06,1,94,100,27
4654,0,305,5,2024-12-07,9,82,48,29
4655,1,325,5,2024-12-07,9,82,48,29
4656,0,345,5,2024-12-07,8,82,48,28
4657,0,365,5,2024-12-07,8,81,43,28
4658,0,385,5,2024-12-07,7,81,89,30
4659,0,405,5,2024-12-07,7,80,73,30
4660,0,425,5,2024-12-07,7,80,73,30
4661,0,445,5,2024-12-07,7,78,96,25
4662,0,465,5,2024-12-07,7,78,96,25
4663,2,485,5,2024-12-07,7,79,100,25
4664,9,505,5,2024-12-07,7,79,100,25
4665,12,525,5,2024-12-07,7,78,100,25
4666,15,545,5,2024-12-07,7,78,100,25
4667,15,565,5,2024-12-07,7,76,96,23
4668,19,585,5,2024-12-07,7,76,96,23
4669,20,605,5,2024-12-07,7,76,90,24
4670,32,625,5,2024-12-07,7,76,90,24
4671,40,645,5,2024-12-07,7,76,92,23
4672,49,665,5,2024-12-07,7,76,94,23
4673,38,685,5,2024-12-07,7,77,92,23
4674,29,705,5,2024-12-07,7,76,91,23
4675,35,725,5,2024-12-07,7,76,91,23
4676,31,745,5,2024-12-07,8,74,97,22
4677,37,765,5,2024-12-07,8,74,97,22
4678,33,785,5,2024-12-07,8,74,99,22
4679,31,805,5,2024-12-07,8,74,100,22
4680,43,825,5,2024-12-07,8,74,94,22
4681,46,845,5,2024-12-07,7,74,92,22
4682,37,865,5,2024-12-07,7,73,90,22
4683,28,885,5,2024-12-07,7,73,90,22
4684,27,905,5,2024-12-07,8,73,56,22
4685,34,925,5,2024-12-07,4,74,64,27
4686,39,945,5,2024-12-07,4,74,59,27
4687,48,965,5,2024-12-07,4,74,64,27
4688,54,985,5,2024-12-07,4,73,34,27
4689,61,1005,5,2024-12-07,3,74,30,27
4690,70,1025,5,2024-12-07,4,73,56,27
4691,70,1045,5,2024-12-07,4,73,65,25
4692,66,1066,5,2024-12-07,4,74,63,25
4693,65,1085,5,2024-12-07,4,74,63,25
4694,65,1105,5,2024-12-07,4,73,62,23
4695,69,1125,5,2024-12-07,4,73,57,23
4696,77,1145,5,2024-12-07,4,73,56,23
4697,77,1165,5,2024-12-07,3,73,79,25
4698,65,1185,5,2024-12-07,3,73,79,25
4699,57,1205,5,2024-12-07,4,71,37,25
4700,53,1225,5,2024-12-07,4,72,67,25
4701,48,1245,5,2024-12-07,4,71,33,25
4702,28,305,6,2024-12-08,8,74,5,20
4703,28,325,6,2024-12-08,8,74,5,20
4704,28,345,6,2024-12-08,8,74,5,20
4705,28,365,6,2024-12-08,8,74,5,19
4706,28,385,6,2024-12-08,8,75,5,19
4707,28,405,6,2024-12-08,8,75,5,19
4708,28,425,6,2024-12-08,8,75,5,19
4709,28,445,6,2024-12-08,8,75,5,18
4710,28,465,6,2024-12-08,8,75,6,19
4711,0,485,6,2024-12-08,8,75,6,19
4712,18,505,6,2024-12-08,8,74,6,19
4713,23,525,6,2024-12-08,8,74,6,19
4714,23,545,6,2024-12-08,8,73,6,18
4715,29,565,6,2024-12-08,8,73,6,18
4716,26,585,6,2024-12-08,8,72,5,19
4717,24,605,6,2024-12-08,8,73,6,19
4718,28,625,6,2024-12-08,8,73,5,19
4719,41,645,6,2024-12-08,8,73,5,19
4720,42,665,6,2024-12-08,8,73,5,19
4721,37,685,6,2024-12-08,8,71,3,16
4722,35,705,6,2024-12-08,8,72,2,16
4723,31,725,6,2024-12-08,8,72,3,16
4724,33,745,6,2024-12-08,8,73,2,19
4725,30,765,6,2024-12-08,8,73,2,19
4726,29,785,6,2024-12-08,8,76,2,19
4727,25,805,6,2024-12-08,8,76,4,18
4728,35,825,6,2024-12-08,8,76,4,18
4729,29,845,6,2024-12-08,7,76,4,17
4730,30,865,6,2024-12-08,9,75,10,17
4731,31,885,6,2024-12-08,9,75,10,17
4732,30,905,6,2024-12-08,3,78,11,17
4733,28,925,6,2024-12-08,3,78,11,17
4734,36,945,6,2024-12-08,3,79,9,15
4735,37,965,6,2024-12-08,3,79,12,15
4736,40,985,6,2024-12-08,3,79,7,17
4737,42,1005,6,2024-12-08,3,79,7,17
4738,44,1025,6,2024-12-08,3,79,6,17
4739,43,1045,6,2024-12-08,3,79,5,14
4740,42,1065,6,2024-12-08,3,80,6,15
4741,50,1085,6,2024-12-08,3,80,6,15
4742,48,1105,6,2024-12-08,3,79,6,12
4743,54,1125,6,2024-12-08,3,80,6,12
4744,57,1145,6,2024-12-08,3,81,6,15
4745,61,1165,6,2024-12-08,3,81,6,15
4746,61,1185,6,2024-12-08,3,80,6,14
4747,53,1205,6,2024-12-08,3,80,6,14
4748,55,1225,6,2024-12-08,3,81,6,11
4749,0,1245,6,2024-12-08,3,81,6,11
4750,2,305,0,2024-12-09,6,80,7,9
4751,2,325,0,2024-12-09,6,79,7,9
4752,2,345,0,2024-12-09,6,79,7,8
4753,2,365,0,2024-12-09,6,79,7,8
4754,0,385,0,2024-12-09,6,79,7,8
4755,9,405,0,2024-12-09,6,79,7,8
4756,22,425,0,2024-12-09,6,79,7,8
4757,24,445,0,2024-12-09,6,79,7,8
4758,23,465,0,2024-12-09,6,78,7,8
4759,21,485,0,2024-12-09,6,78,7,8
4760,28,505,0,2024-12-09,7,77,7,8
4761,23,525,0,2024-12-09,7,77,7,8
4762,18,545,0,2024-12-09,7,77,7,8
4763,22,565,0,2024-12-09,7,78,7,8
4764,25,585,0,2024-12-09,7,78,7,8
4765,23,605,0,2024-12-09,7,78,7,8
4766,35,625,0,2024-12-09,7,78,7,7
4767,37,645,0,2024-12-09,7,79,7,8
4768,43,665,0,2024-12-09,7,78,4,8
4769,41,686,0,2024-12-09,6,79,4,7
4770,35,705,0,2024-12-09,6,79,4,7
4771,40,725,0,2024-12-09,6,79,2,7
4772,37,745,0,2024-12-09,6,80,2,7
4773,35,765,0,2024-12-09,6,80,2,6
4774,35,785,0,2024-12-09,6,80,2,6
4775,34,805,0,2024-12-09,6,81,2,6
4776,41,825,0,2024-12-09,5,82,2,5
4777,43,846,0,2024-12-09,6,82,2,6
4778,49,865,0,2024-12-09,6,82,2,5
4779,46,885,0,2024-12-09,6,82,2,5
4780,42,905,0,2024-12-09,-3,90,8,7
4781,50,926,0,2024-12-09,-3,89,8,6
4782,55,945,0,2024-12-09,-3,88,8,5
4783,54,965,0,2024-12-09,-2,87,8,6
4784,55,985,0,2024-12-09,-3,89,8,6
4785,63,1005,0,2024-12-09,-2,87,8,6
4786,73,1025,0,2024-12-09,-3,89,8,7
4787,75,1045,0,2024-12-09,-3,89,8,7
4788,72,1065,0,2024-12-09,-3,90,8,5
4789,75,1085,0,2024-12-09,-3,90,8,5
4790,58,1105,0,2024-12-09,-3,90,8,5
4791,54,1125,0,2024-12-09,-3,90,8,5
4792,54,1145,0,2024-12-09,-3,89,7,5
4793,63,1165,0,2024-12-09,-3,89,7,5
4794,68,1185,0,2024-12-09,-3,90,7,5
4795,71,1205,0,2024-12-09,-3,90,7,5
4796,66,1225,0,2024-12-09,-3,90,7,5
4797,50,1245,0,2024-12-09,-3,90,7,5
4798,0,305,1,2024-12-10,2,85,6,5
4799,0,325,1,2024-12-10,2,85,6,5
4800,0,345,1,2024-12-10,2,84,6,5
4801,0,365,1,2024-12-10,2,85,6,5
4802,1,385,1,2024-12-10,2,85,6,5
4803,13,405,1,2024-12-10,2,85,6,5
4804,23,425,1,2024-12-10,2,83,6,6
4805,32,445,1,2024-12-10,2,83,6,6
4806,28,465,1,2024-12-10,2,84,6,5
4807,26,485,1,2024-12-10,2,84,6,5
4808,20,505,1,2024-12-10,2,84,6,5
4809,16,525,1,2024-12-10,2,84,6,5
4810,19,545,1,2024-12-10,2,83,6,4
4811,21,565,1,2024-12-10,2,83,6,4
4812,24,585,1,2024-12-10,2,84,6,4
4813,25,605,1,2024-12-10,2,83,6,4
4814,27,625,1,2024-12-10,2,83,6,4
4815,26,645,1,2024-12-10,2,83,6,5
4816,25,666,1,2024-12-10,2,83,6,5
4817,22,685,1,2024-12-10,2,85,4,6
4818,25,705,1,2024-12-10,2,85,3,5
4819,36,725,1,2024-12-10,1,84,2,3
4820,38,745,1,2024-12-10,1,84,2,3
4821,34,765,1,2024-12-10,1,85,2,3
4822,24,785,1,2024-12-10,2,84,2,3
4823,21,805,1,2024-12-10,2,84,2,3
4824,15,825,1,2024-12-10,1,84,2,3
4825,21,845,1,2024-12-10,1,84,2,3
4826,21,865,1,2024-12-10,2,84,2,6
4827,28,885,1,2024-12-10,1,85,2,5
4828,28,905,1,2024-12-10,-3,86,6,4
4829,38,925,1,2024-12-10,-3,86,6,4
4830,36,945,1,2024-12-10,-3,86,7,4
4831,34,965,1,2024-12-10,-3,86,7,4
4832,56,985,1,2024-12-10,-3,87,7,4
4833,59,1005,1,2024-12-10,-3,87,7,4
4834,66,1025,1,2024-12-10,-3,88,7,4
4835,66,1045,1,2024-12-10,-3,88,7,4
4836,57,1065,1,2024-12-10,-4,88,7,4
4837,55,1085,1,2024-12-10,-4,88,7,4
4838,60,1105,1,2024-12-10,-4,88,7,4
4839,64,1125,1,2024-12-10,-4,75,6,4
4840,53,1145,1,2024-12-10,-4,75,6,4
4841,54,1165,1,2024-12-10,-4,75,6,4
4842,52,1185,1,2024-12-10,-4,75,6,4
4843,56,1205,1,2024-12-10,-4,75,6,4
4844,54,1225,1,2024-12-10,-4,75,6,4
4845,53,1245,1,2024-12-10,-4,75,6,5
4846,2,305,2,2024-12-11,1,79,4,6
4847,2,325,2,2024-12-11,1,79,4,6
4848,2,345,2,2024-12-11,1,78,4,6
4849,2,365,2,2024-12-11,1,78,4,6
4850,4,385,2,2024-12-11,2,79,4,5
4851,11,405,2,2024-12-11,2,79,4,5
4852,15,425,2,2024-12-11,2,79,4,6
4853,24,445,2,2024-12-11,1,80,4,6
4854,24,465,2,2024-12-11,2,75,3,8
4855,20,485,2,2024-12-11,2,75,3,8
4856,15,505,2,2024-12-11,2,76,3,5
4857,15,525,2,2024-12-11,2,74,3,5
4858,23,545,2,2024-12-11,2,76,3,5
4859,31,565,2,2024-12-11,2,75,3,8
4860,34,585,2,2024-12-11,2,74,3,8
4861,35,605,2,2024-12-11,2,76,4,8
4862,37,625,2,2024-12-11,2,76,4,8
4863,35,645,2,2024-12-11,1,74,4,6
4864,29,665,2,2024-12-11,1,78,2,10
4865,30,685,2,2024-12-11,1,78,2,9
4866,30,705,2,2024-12-11,1,79,2,7
4867,37,725,2,2024-12-11,0,80,2,7
4868,37,745,2,2024-12-11,0,78,2,5
4869,35,765,2,2024-12-11,0,80,2,7
4870,33,785,2,2024-12-11,0,76,2,3
4871,29,805,2,2024-12-11,0,76,2,3
4872,21,825,2,2024-12-11,1,79,2,7
4873,33,845,2,2024-12-11,1,79,2,7
4874,42,865,2,2024-12-11,1,79,2,3
4875,49,885,2,2024-12-11,1,79,2,3
4876,42,905,2,2024-12-11,0,83,2,7
4877,38,925,2,2024-12-11,-2,81,5,5
4878,35,945,2,2024-12-11,-2,82,5,7
4879,31,965,2,2024-12-11,-2,82,5,5
4880,31,985,2,2024-12-11,-2,81,5,5
4881,40,1005,2,2024-12-11,-2,81,5,5
4882,50,1025,2,2024-12-11,-2,84,5,7
4883,54,1045,2,2024-12-11,-2,84,5,7
4884,57,1065,2,2024-12-11,-2,85,5,5
4885,60,1085,2,2024-12-11,-2,86,5,5
4886,57,1106,2,2024-12-11,-2,86,5,5
4887,57,1126,2,2024-12-11,-2,86,5,5
4888,55,1145,2,2024-12-11,-2,86,5,8
4889,53,1165,2,2024-12-11,-2,86,5,8
4890,55,1186,2,2024-12-11,-2,87,6,6
4891,53,1205,2,2024-12-11,-2,87,6,6
4892,53,1225,2,2024-12-11,-2,89,6,5
4893,47,1245,2,2024-12-11,-2,89,6,5
4894,18,305,3,2024-12-12,2,89,24,8
4895,18,325,3,2024-12-12,2,89,24,8
4896,18,345,3,2024-12-12,2,89,24,8
4897,18,365,3,2024-12-12,2,89,24,7
4898,18,385,3,2024-12-12,2,89,24,7
4899,28,405,3,2024-12-12,2,88,24,7
4900,34,425,3,2024-12-12,2,88,24,7
4901,37,445,3,2024-12-12,2,89,19,7
4902,41,465,3,2024-12-12,3,88,8,7
4903,39,485,3,2024-12-12,3,88,8,7
4904,36,505,3,2024-12-12,2,88,8,7
4905,34,525,3,2024-12-12,2,87,8,7
4906,36,546,3,2024-12-12,2,87,8,7
4907,39,565,3,2024-12-12,2,86,8,7
4908,41,585,3,2024-12-12,3,86,8,7
4909,43,605,3,2024-12-12,2,86,8,11
4910,50,625,3,2024-12-12,2,86,8,11
4911,48,645,3,2024-12-12,2,86,8,11
4912,45,665,3,2024-12-12,2,86,8,11
4913,49,685,3,2024-12-12,2,87,5,10
4914,45,705,3,2024-12-12,2,87,4,10
4915,49,725,3,2024-12-12,2,86,3,9
4916,59,745,3,2024-12-12,2,86,3,9
4917,55,765,3,2024-12-12,2,86,3,8
4918,48,785,3,2024-12-12,2,88,3,10
4919,43,806,3,2024-12-12,2,88,3,10
4920,45,825,3,2024-12-12,3,88,3,9
4921,52,845,3,2024-12-12,3,88,3,9
4922,55,865,3,2024-12-12,3,90,3,9
4923,57,885,3,2024-12-12,3,90,3,8
4924,57,905,3,2024-12-12,3,91,3,8
4925,54,925,3,2024-12-12,-1,92,17,8
4926,60,945,3,2024-12-12,-1,92,17,8
4927,58,965,3,2024-12-12,-1,92,17,6
4928,73,985,3,2024-12-12,-1,92,16,6
4929,86,1006,3,2024-12-12,-1,92,16,6
4930,85,1025,3,2024-12-12,-1,92,16,6
4931,85,1046,3,2024-12-12,0,93,17,6
4932,85,1065,3,2024-12-12,0,93,17,6
4933,95,1085,3,2024-12-12,0,94,17,7
4934,97,1105,3,2024-12-12,-1,94,17,6
4935,93,1125,3,2024-12-12,-1,94,17,6
4936,75,1145,3,2024-12-12,0,93,17,6
4937,81,1165,3,2024-12-12,0,92,17,6
4938,74,1185,3,2024-12-12,0,92,16,5
4939,65,1205,3,2024-12-12,0,92,8,6
4940,69,1225,3,2024-12-12,0,92,8,5
4941,72,1246,3,2024-12-12,0,92,8,5
4942,0,305,4,2024-12-13,4,95,8,9
4943,0,325,4,2024-12-13,4,94,8,9
4944,0,345,4,2024-12-13,4,94,8,9
4945,0,365,4,2024-12-13,4,94,8,9
4946,0,385,4,2024-12-13,4,94,8,9
4947,12,405,4,2024-12-13,4,93,9,9
4948,19,425,4,2024-12-13,4,93,9,9
4949,21,445,4,2024-12-13,4,93,9,9
4950,22,465,4,2024-12-13,4,93,9,9
4951,15,485,4,2024-12-13,4,93,9,9
4952,13,505,4,2024-12-13,4,93,9,9
4953,9,525,4,2024-12-13,4,93,9,9
4954,16,545,4,2024-12-13,4,94,8,9
4955,26,565,4,2024-12-13,4,94,8,9
4956,31,585,4,2024-12-13,4,94,8,9
4957,34,605,4,2024-12-13,4,94,8,9
4958,33,625,4,2024-12-13,4,94,8,9
4959,33,645,4,2024-12-13,4,94,8,9
4960,30,665,4,2024-12-13,4,93,8,9
4961,31,685,4,2024-12-13,4,91,6,9
4962,34,705,4,2024-12-13,4,91,6,9
4963,47,725,4,2024-12-13,4,91,6,9
4964,45,745,4,2024-12-13,5,92,5,9
4965,47,765,4,2024-12-13,6,92,5,9
4966,47,785,4,2024-12-13,6,92,3,9
4967,45,805,4,2024-12-13,6,92,3,9
4968,42,825,4,2024-12-13,6,92,3,9
4969,37,845,4,2024-12-13,6,92,3,9
4970,40,865,4,2024-12-13,6,92,3,10
4971,45,885,4,2024-12-13,6,92,3,10
4972,50,905,4,2024-12-13,6,92,3,10
4973,60,925,4,2024-12-13,1,90,8,11
4974,62,945,4,2024-12-13,1,89,8,11
4975,56,965,4,2024-12-13,1,89,8,11
4976,68,985,4,2024-12-13,1,89,8,11
4977,71,1005,4,2024-12-13,1,90,8,10
4978,71,1025,4,2024-12-13,1,90,8,10
4979,68,1045,4,2024-12-13,1,90,8,10
4980,63,1065,4,2024-12-13,1,90,8,10
4981,35,1085,4,2024-12-13,1,90,8,10
4982,33,1105,4,2024-12-13,1,90,7,12
4983,33,1125,4,2024-12-13,1,90,8,10
4984,33,1145,4,2024-12-13,1,89,7,13
4985,33,1165,4,2024-12-13,1,89,7,13
4986,33,1185,4,2024-12-13,1,89,7,12
4987,33,1205,4,2024-12-13,1,89,7,12
4988,33,1225,4,2024-12-13,1,90,7,12
4989,33,1245,4,2024-12-13,1,89,7,11
4990,33,305,5,2024-12-14,5,85,9,11
4991,34,325,5,2024-12-14,5,84,9,11
4992,34,345,5,2024-12-14,5,84,9,12
4993,34,365,5,2024-12-14,5,85,9,10
4994,33,385,5,2024-12-14,5,85,9,12
4995,33,405,5,2024-12-14,5,85,20,11
4996,33,425,5,2024-12-14,5,85,11,11
4997,33,445,5,2024-12-14,5,85,11,11
4998,33,465,5,2024-12-14,6,87,11,11
4999,35,485,5,2024-12-14,6,85,11,11
5000,7,505,5,2024-12-14,5,86,11,11
5001,12,525,5,2024-12-14,6,85,11,11
5002,15,545,5,2024-12-14,6,85,11,11
5003,20,565,5,2024-12-14,6,85,11,11
5004,19,585,5,2024-12-14,6,85,11,11
5005,18,605,5,2024-12-14,5,84,9,11
5006,21,625,5,2024-12-14,5,84,9,11
5007,31,645,5,2024-12-14,5,84,9,11
5008,30,665,5,2024-12-14,5,84,9,11
5009,25,685,5,2024-12-14,5,84,9,11
5010,18,705,5,2024-12-14,5,84,5,10
5011,21,725,5,2024-12-14,5,84,5,10
5012,25,745,5,2024-12-14,5,84,4,10
5013,33,765,5,2024-12-14,5,84,4,10
5014,35,785,5,2024-12-14,5,87,4,10
5015,31,805,5,2024-12-14,5,87,4,10
5016,28,825,5,2024-12-14,5,87,4,10
5017,25,845,5,2024-12-14,6,83,4,13
5018,30,865,5,2024-12-14,7,83,4,11
5019,32,885,5,2024-12-14,7,83,4,11
5020,35,905,5,2024-12-14,7,87,4,17
5021,32,925,5,2024-12-14,7,87,4,17
5022,29,945,5,2024-12-14,5,88,24,18
5023,25,965,5,2024-12-14,5,88,24,18
5024,28,985,5,2024-12-14,5,88,22,18
5025,38,1005,5,2024-12-14,5,88,21,18
5026,46,1025,5,2024-12-14,5,89,16,18
5027,50,1045,5,2024-12-14,5,89,16,18
5028,48,1065,5,2024-12-14,5,89,13,19
5029,47,1085,5,2024-12-14,5,89,13,19
5030,49,1105,5,2024-12-14,5,90,12,19
5031,50,1125,5,2024-12-14,5,89,13,18
5032,45,1145,5,2024-12-14,5,89,13,18
5033,46,1165,5,2024-12-14,6,88,13,18
5034,51,1185,5,2024-12-14,6,88,12,18
5035,55,1205,5,2024-12-14,6,89,12,19
5036,50,1225,5,2024-12-14,6,89,12,18
5037,44,1245,5,2024-12-14,6,89,12,18
5038,25,305,6,2024-12-15,12,84,23,28
5039,25,325,6,2024-12-15,12,84,22,28
5040,25,345,6,2024-12-15,12,84,22,28
5041,25,365,6,2024-12-15,12,84,22,28
5042,25,385,6,2024-12-15,12,84,23,28
5043,25,405,6,2024-12-15,12,84,23,28
5044,25,425,6,2024-12-15,12,84,22,28
5045,25,445,6,2024-12-15,12,84,22,28
5046,25,465,6,2024-12-15,12,83,17,28
5047,0,485,6,2024-12-15,12,83,17,28
5048,10,505,6,2024-12-15,12,84,17,28
5049,16,525,6,2024-12-15,12,83,20,27
5050,21,545,6,2024-12-15,12,83,19,27
5051,20,565,6,2024-12-15,12,83,17,28
5052,13,585,6,2024-12-15,12,82,14,28
5053,8,605,6,2024-12-15,12,83,14,28
5054,21,625,6,2024-12-15,12,83,14,28
5055,26,645,6,2024-12-15,12,82,14,28
5056,26,665,6,2024-12-15,12,81,13,28
5057,24,685,6,2024-12-15,12,81,13,28
5058,28,705,6,2024-12-15,12,81,11,28
5059,29,726,6,2024-12-15,12,81,11,28
5060,28,745,6,2024-12-15,13,82,12,28
5061,33,765,6,2024-12-15,13,83,7,28
5062,28,785,6,2024-12-15,13,83,7,28
5063,28,805,6,2024-12-15,13,80,7,28
5064,26,825,6,2024-12-15,13,80,8,28
5065,28,845,6,2024-12-15,13,80,8,28
5066,29,865,6,2024-12-15,13,80,6,28
5067,31,885,6,2024-12-15,13,80,6,28
5068,35,905,6,2024-12-15,10,81,13,29
5069,34,925,6,2024-12-15,10,81,13,29
5070,35,945,6,2024-12-15,10,82,13,30
5071,29,965,6,2024-12-15,10,82,13,30
5072,29,985,6,2024-12-15,10,82,13,30
5073,33,1005,6,2024-12-15,10,82,13,30
5074,27,1025,6,2024-12-15,10,82,13,30
5075,24,1045,6,2024-12-15,10,82,13,29
5076,26,1065,6,2024-12-15,10,81,13,28
5077,30,1085,6,2024-12-15,10,82,16,28
5078,34,1105,6,2024-12-15,10,81,11,28
5079,35,1125,6,2024-12-15,10,81,10,28
5080,36,1145,6,2024-12-15,10,81,10,31
5081,37,1165,6,2024-12-15,10,82,15,31
5082,37,1185,6,2024-12-15,10,82,15,31
5083,37,1206,6,2024-12-15,10,81,15,35
5084,33,1225,6,2024-12-15,10,81,15,35
5085,28,1245,6,2024-12-15,10,81,14,35
5086,5,305,0,2024-12-16,12,79,15,24
5087,5,325,0,2024-12-16,12,79,15,24
5088,5,345,0,2024-12-16,12,79,15,24
5089,5,365,0,2024-12-16,12,79,15,24
5090,0,385,0,2024-12-16,12,79,15,24
5091,9,405,0,2024-12-16,12,79,15,25
5092,10,425,0,2024-12-16,12,79,15,25
5093,14,445,0,2024-12-16,12,79,15,27
5094,12,465,0,2024-12-16,12,79,15,26
5095,9,485,0,2024-12-16,12,79,15,26
5096,7,505,0,2024-12-16,12,79,15,26
5097,7,525,0,2024-12-16,12,79,15,26
5098,11,545,0,2024-12-16,12,80,15,27
5099,13,566,0,2024-12-16,12,80,15,27
5100,20,585,0,2024-12-16,12,79,15,26
5101,23,605,0,2024-12-16,12,78,15,23
5102,19,625,0,2024-12-16,12,78,15,23
5103,18,645,0,2024-12-16,12,78,15,23
5104,22,665,0,2024-12-16,12,76,15,25
5105,21,685,0,2024-12-16,12,76,15,25
5106,23,705,0,2024-12-16,13,76,15,26
5107,23,725,0,2024-12-16,13,76,15,26
5108,17,745,0,2024-12-16,13,75,15,23
5109,13,765,0,2024-12-16,13,76,19,23
5110,10,785,0,2024-12-16,13,75,15,24
5111,6,805,0,2024-12-16,13,75,15,24
5112,8,825,0,2024-12-16,13,75,15,23
5113,14,845,0,2024-12-16,13,75,15,23
5114,23,865,0,2024-12-16,12,75,15,24
5115,20,885,0,2024-12-16,11,76,15,22
5116,16,905,0,2024-12-16,11,76,15,22
5117,15,925,0,2024-12-16,8,81,19,18
5118,15,945,0,2024-12-16,8,82,20,19
5119,13,965,0,2024-12-16,8,81,19,22
5120,19,985,0,2024-12-16,8,80,19,22
5121,22,1005,0,2024-12-16,8,81,19,22
5122,28,1026,0,2024-12-16,8,82,19,20
5123,32,1045,0,2024-12-16,8,82,20,19
5124,35,1065,0,2024-12-16,8,83,17,18
5125,36,1085,0,2024-12-16,8,82,17,18
5126,28,1105,0,2024-12-16,8,82,17,18
5127,25,1125,0,2024-12-16,8,82,18,18
5128,17,1145,0,2024-12-16,8,82,18,19
5129,22,1165,0,2024-12-16,8,82,20,17
5130,23,1185,0,2024-12-16,8,82,20,19
5131,25,1205,0,2024-12-16,8,83,19,18
5132,27,1225,0,2024-12-16,8,83,19,18
5133,19,1245,0,2024-12-16,8,83,20,18
5134,0,305,1,2024-12-17,10,86,64,16
5135,0,325,1,2024-12-17,10,86,61,15
5136,0,345,1,2024-12-17,10,86,64,15
5137,0,365,1,2024-12-17,10,86,62,15
5138,0,385,1,2024-12-17,10,86,61,16
5139,5,405,1,2024-12-17,10,86,61,16
5140,12,425,1,2024-12-17,10,86,71,13
5141,14,445,1,2024-12-17,10,87,67,13
5142,12,465,1,2024-12-17,10,87,67,13
5143,5,485,1,2024-12-17,10,87,77,13
5144,6,505,1,2024-12-17,10,87,77,13
5145,8,525,1,2024-12-17,10,87,98,13
5146,12,545,1,2024-12-17,10,87,96,13
5147,10,565,1,2024-12-17,10,87,88,12
5148,12,585,1,2024-12-17,10,87,83,13
5149,20,605,1,2024-12-17,10,86,85,13
5150,17,625,1,2024-12-17,10,86,75,13
5151,16,645,1,2024-12-17,10,86,75,13
5152,16,665,1,2024-12-17,10,86,82,12
5153,18,685,1,2024-12-17,10,86,81,12
5154,24,705,1,2024-12-17,10,87,89,13
5155,27,725,1,2024-12-17,10,86,90,13
5156,25,745,1,2024-12-17,10,86,90,13
5157,26,765,1,2024-12-17,10,85,97,12
5158,19,785,1,2024-12-17,10,88,98,12
5159,15,805,1,2024-12-17,10,88,98,12
5160,15,825,1,2024-12-17,10,83,72,12
5161,23,845,1,2024-12-17,11,86,80,11
5162,25,865,1,2024-12-17,10,86,96,10
5163,23,885,1,2024-12-17,10,86,96,10
5164,22,905,1,2024-12-17,9,83,64,25
5165,18,925,1,2024-12-17,9,83,64,25
5166,20,945,1,2024-12-17,9,83,51,25
5167,25,965,1,2024-12-17,9,84,96,25
5168,25,985,1,2024-12-17,9,84,90,25
5169,27,1005,1,2024-12-17,9,84,96,24
5170,25,1025,1,2024-12-17,9,84,96,24
5171,19,1045,1,2024-12-17,8,85,97,24
5172,25,1065,1,2024-12-17,8,85,97,24
5173,25,1085,1,2024-12-17,8,85,41,26
5174,29,1105,1,2024-12-17,8,85,35,25
5175,31,1125,1,2024-12-17,9,84,35,25
5176,25,1145,1,2024-12-17,8,85,45,25
5177,24,1165,1,2024-12-17,9,85,100,24
5178,19,1185,1,2024-12-17,9,85,100,24
5179,22,1205,1,2024-12-17,9,85,100,24
5180,20,1225,1,2024-12-17,9,86,94,24
5181,15,1245,1,2024-12-17,9,86,74,24
5182,0,305,2,2024-12-18,15,76,35,27
5183,0,325,2,2024-12-18,15,76,30,27
5184,0,345,2,2024-12-18,15,76,24,27
5185,0,365,2,2024-12-18,15,75,21,28
5186,1,385,2,2024-12-18,15,75,16,28
5187,5,405,2,2024-12-18,15,75,24,28
5188,8,425,2,2024-12-18,15,75,12,28
5189,10,445,2,2024-12-18,14,76,35,27
5190,7,465,2,2024-12-18,14,76,35,27
5191,10,485,2,2024-12-18,14,75,5,29
5192,9,505,2,2024-12-18,13,75,4,29
5193,1,525,2,2024-12-18,13,75,4,29
5194,3,545,2,2024-12-18,13,72,4,26
5195,9,565,2,2024-12-18,13,72,4,26
5196,12,585,2,2024-12-18,13,72,4,26
5197,12,605,2,2024-12-18,13,72,4,25
5198,12,625,2,2024-12-18,13,69,4,26
5199,14,645,2,2024-12-18,13,70,4,25
5200,9,665,2,2024-12-18,13,70,4,25
5201,9,685,2,2024-12-18,12,71,16,26
5202,15,705,2,2024-12-18,12,71,2,26
5203,10,725,2,2024-12-18,12,71,2,26
5204,7,745,2,2024-12-18,12,74,2,24
5205,5,765,2,2024-12-18,12,73,2,24
5206,1,785,2,2024-12-18,12,73,2,24
5207,5,805,2,2024-12-18,12,70,2,27
5208,4,825,2,2024-12-18,12,70,2,27
5209,6,845,2,2024-12-18,11,70,2,27
5210,13,865,2,2024-12-18,11,70,2,27
5211,15,885,2,2024-12-18,11,71,2,24
5212,15,905,2,2024-12-18,10,72,5,23
5213,16,925,2,2024-12-18,2,77,7,15
5214,8,945,2,2024-12-18,2,77,7,15
5215,8,965,2,2024-12-18,2,78,6,15
5216,20,985,2,2024-12-18,2,78,5,15
5217,25,1005,2,2024-12-18,2,78,5,15
5218,27,1025,2,2024-12-18,2,78,5,15
5219,26,1045,2,2024-12-18,2,80,5,15
5220,22,1065,2,2024-12-18,2,79,5,15
5221,18,1085,2,2024-12-18,2,79,5,15
5222,12,1105,2,2024-12-18,3,77,4,15
5223,12,1125,2,2024-12-18,2,77,4,15
5224,13,1146,2,2024-12-18,2,77,4,15
5225,13,1165,2,2024-12-18,2,79,4,15
5226,14,1185,2,2024-12-18,2,78,4,15
5227,14,1205,2,2024-12-18,2,78,4,15
5228,14,1225,2,2024-12-18,2,78,4,15
5229,8,1245,2,2024-12-18,2,78,4,15
5230,1,865,3,2024-12-19,7,67,2,15
5231,1,885,3,2024-12-19,7,69,2,14
5232,1,905,3,2024-12-19,2,75,15,16
5233,1,925,3,2024-12-19,6,67,2,13
5234,1,946,3,2024-12-19,2,76,38,17
5235,1,965,3,2024-12-19,2,78,8,17
5236,1,985,3,2024-12-19,2,78,8,17
5237,1,1005,3,2024-12-19,2,79,24,17
5238,1,1025,3,2024-12-19,2,79,24,17
5239,1,1045,3,2024-12-19,2,79,24,17
5240,1,1065,3,2024-12-19,2,79,38,17
5241,1,1086,3,2024-12-19,2,79,8,17
5242,1,1105,3,2024-12-19,2,79,8,17
5243,1,1125,3,2024-12-19,2,80,32,17
5244,1,1145,3,2024-12-19,2,80,32,17
5245,1,1165,3,2024-12-19,1,81,9,17
5246,1,1185,3,2024-12-19,1,81,9,17
5247,1,1205,3,2024-12-19,1,81,9,17
5248,1,1225,3,2024-12-19,1,80,9,17
5249,1,1245,3,2024-12-19,1,81,9,17
5250,1,305,4,2024-12-20,9,84,64,19
5251,1,325,4,2024-12-20,9,84,81,19
5252,1,345,4,2024-12-20,9,84,85,19
5253,1,365,4,2024-12-20,9,83,89,19
5254,1,385,4,2024-12-20,9,83,89,19
5255,1,405,4,2024-12-20,9,83,78,19
5256,1,425,4,2024-12-20,9,84,72,20
5257,1,445,4,2024-12-20,9,84,67,20
5258,1,465,4,2024-12-20,9,84,67,20
5259,1,485,4,2024-12-20,8,84,44,19
5260,1,505,4,2024-12-20,8,84,38,19
5261,1,525,4,2024-12-20,8,84,55,19
5262,1,545,4,2024-12-20,8,82,35,18
5263,1,565,4,2024-12-20,8,84,35,20
5264,1,585,4,2024-12-20,9,82,16,19
5265,1,605,4,2024-12-20,9,83,21,20
5266,1,625,4,2024-12-20,9,83,21,20
5267,1,645,4,2024-12-20,9,83,19,21
5268,1,665,4,2024-12-20,9,82,23,20
5269,1,685,4,2024-12-20,9,81,49,19
5270,1,705,4,2024-12-20,9,81,49,19
5271,1,725,4,2024-12-20,9,81,60,19
5272,1,745,4,2024-12-20,9,79,35,19
5273,1,765,4,2024-12-20,9,79,17,19
5274,1,785,4,2024-12-20,9,81,15,17
5275,1,805,4,2024-12-20,9,81,15,17
5276,1,825,4,2024-12-20,10,80,15,14
5277,1,845,4,2024-12-20,9,81,15,14
5278,1,865,4,2024-12-20,9,81,15,14
5279,1,886,4,2024-12-20,9,80,15,12
5280,1,905,4,2024-12-20,5,83,36,23
5281,1,925,4,2024-12-20,5,83,37,23
5282,1,945,4,2024-12-20,5,83,37,24
5283,1,966,4,2024-12-20,5,81,38,24
5284,1,985,4,2024-12-20,5,81,37,23
5285,1,1005,4,2024-12-20,5,82,37,23
5286,1,1025,4,2024-12-20,5,82,37,23
5287,1,1045,4,2024-12-20,5,82,37,23
5288,1,1065,4,2024-12-20,5,82,37,23
5289,1,1085,4,2024-12-20,5,83,38,24
5290,1,1105,4,2024-12-20,5,82,37,24
5291,1,1125,4,2024-12-20,6,83,37,24
5292,1,1145,4,2024-12-20,5,84,35,24
5293,1,1165,4,2024-12-20,5,84,35,24
5294,1,1185,4,2024-12-20,5,83,35,24
5295,1,1205,4,2024-12-20,5,83,35,24
5296,1,1225,4,2024-12-20,5,84,35,24
5297,1,1245,4,2024-12-20,5,84,35,24
5298,0,305,5,2024-12-21,9,74,20,30
5299,1,325,5,2024-12-21,9,74,20,30
5300,1,345,5,2024-12-21,9,74,31,30
5301,0,365,5,2024-12-21,9,74,31,30
5302,0,385,5,2024-12-21,9,73,24,29
5303,0,405,5,2024-12-21,9,73,41,29
5304,0,425,5,2024-12-21,9,73,41,29
5305,0,445,5,2024-12-21,10,74,42,30
5306,0,465,5,2024-12-21,10,73,49,29
5307,3,485,5,2024-12-21,10,73,35,30
5308,3,505,5,2024-12-21,10,73,36,30
5309,5,525,5,2024-12-21,11,68,32,31
5310,4,545,5,2024-12-21,11,68,32,31
5311,5,565,5,2024-12-21,10,68,45,30
5312,3,585,5,2024-12-21,10,68,32,31
5313,3,605,5,2024-12-21,10,68,32,31
5314,7,625,5,2024-12-21,10,67,30,31
5315,6,645,5,2024-12-21,8,68,18,30
5316,4,665,5,2024-12-21,8,68,18,30
5317,2,685,5,2024-12-21,8,68,36,29
5318,5,705,5,2024-12-21,8,67,30,29
5319,2,725,5,2024-12-21,8,67,30,29
5320,3,745,5,2024-12-21,9,68,42,30
5321,4,765,5,2024-12-21,9,67,15,31
5322,1,785,5,2024-12-21,9,67,15,31
5323,0,805,5,2024-12-21,9,65,47,34
5324,3,825,5,2024-12-21,9,65,45,33
5325,0,845,5,2024-12-21,9,65,38,32
5326,2,865,5,2024-12-21,9,65,62,29
5327,4,885,5,2024-12-21,9,65,62,29
5328,4,905,5,2024-12-21,3,69,56,25
5329,5,925,5,2024-12-21,3,69,53,25
5330,4,945,5,2024-12-21,3,69,62,25
5331,1,965,5,2024-12-21,3,69,62,25
5332,1,985,5,2024-12-21,3,70,46,26
5333,1,1005,5,2024-12-21,3,70,91,27
5334,2,1025,5,2024-12-21,3,70,91,27
5335,1,1045,5,2024-12-21,3,72,30,24
5336,0,1065,5,2024-12-21,3,72,30,24
5337,0,1085,5,2024-12-21,3,71,46,23
5338,3,1105,5,2024-12-21,3,71,77,24
5339,5,1125,5,2024-12-21,3,72,18,23
5340,6,1145,5,2024-12-21,3,72,18,23
5341,5,1165,5,2024-12-21,3,71,30,24
5342,1,1185,5,2024-12-21,3,71,30,24
5343,2,1205,5,2024-12-21,3,71,38,24
5344,1,1225,5,2024-12-21,3,71,33,23
5345,1,1245,5,2024-12-21,3,71,30,23
5346,0,305,6,2024-12-22,7,70,38,31
5347,1,325,6,2024-12-22,7,70,41,31
5348,1,345,6,2024-12-22,7,69,49,30
5349,0,365,6,2024-12-22,7,70,49,30
5350,0,385,6,2024-12-22,8,70,49,30
5351,0,405,6,2024-12-22,7,69,42,31
5352,0,425,6,2024-12-22,8,69,49,30
5353,0,445,6,2024-12-22,7,69,47,30
5354,0,465,6,2024-12-22,8,70,45,31
5355,0,485,6,2024-12-22,7,70,46,31
5356,5,505,6,2024-12-22,8,69,36,31
5357,8,525,6,2024-12-22,8,69,36,31
5358,10,545,6,2024-12-22,8,70,45,31
5359,9,565,6,2024-12-22,8,70,45,30
5360,12,585,6,2024-12-22,8,70,45,30
5361,5,605,6,2024-12-22,8,70,45,29
5362,11,625,6,2024-12-22,7,71,47,30
5363,15,645,6,2024-12-22,7,69,45,30
5364,12,665,6,2024-12-22,7,69,45,30
5365,11,685,6,2024-12-22,7,70,60,29
5366,9,705,6,2024-12-22,7,69,71,30
5367,8,725,6,2024-12-22,7,68,56,30
5368,6,746,6,2024-12-22,7,66,52,26
5369,5,765,6,2024-12-22,7,68,62,28
5370,7,785,6,2024-12-22,8,69,52,24
5371,7,805,6,2024-12-22,8,69,42,26
5372,7,825,6,2024-12-22,8,69,47,26
5373,5,845,6,2024-12-22,8,69,38,25
5374,6,866,6,2024-12-22,8,69,8,23
5375,9,885,6,2024-12-22,8,69,8,23
5376,8,905,6,2024-12-22,8,69,7,22
5377,9,925,6,2024-12-22,8,69,9,20
5378,7,945,6,2024-12-22,2,69,15,18
5379,10,965,6,2024-12-22,2,69,15,18
5380,6,985,6,2024-12-22,2,69,6,16
5381,9,1005,6,2024-12-22,1,70,9,16
5382,9,1025,6,2024-12-22,2,68,9,15
5383,13,1045,6,2024-12-22,2,68,9,15
5384,13,1065,6,2024-12-22,2,67,12,16
5385,7,1085,6,2024-12-22,2,67,12,16
5386,0,1105,6,2024-12-22,2,67,21,16
5387,4,1125,6,2024-12-22,2,67,21,16
5388,5,1145,6,2024-12-22,2,68,38,15
5389,7,1165,6,2024-12-22,2,68,38,15
5390,6,1185,6,2024-12-22,2,68,30,17
5391,5,1205,6,2024-12-22,2,67,20,15
5392,3,1225,6,2024-12-22,2,67,20,15
5393,0,1245,6,2024-12-22,2,67,53,15
5394,4,305,0,2024-12-23,6,75,42,9
5395,4,325,0,2024-12-23,6,75,42,9
5396,4,345,0,2024-12-23,6,78,24,10
5397,4,365,0,2024-12-23,6,78,24,9
5398,5,385,0,2024-12-23,6,78,23,11
5399,8,405,0,2024-12-23,6,78,23,11
5400,8,425,0,2024-12-23,6,78,21,11
5401,8,445,0,2024-12-23,6,78,41,11
5402,11,465,0,2024-12-23,6,78,41,11
5403,8,485,0,2024-12-23,6,80,52,10
5404,6,505,0,2024-12-23,6,81,92,9
5405,6,525,0,2024-12-23,6,81,86,9
5406,8,545,0,2024-12-23,6,83,87,9
5407,13,565,0,2024-12-23,6,82,94,9
5408,11,585,0,2024-12-23,6,83,65,9
5409,12,605,0,2024-12-23,6,83,63,9
5410,14,625,0,2024-12-23,6,83,90,10
5411,14,645,0,2024-12-23,6,83,90,10
5412,16,665,0,2024-12-23,6,85,85,10
5413,15,685,0,2024-12-23,6,85,87,10
5414,22,705,0,2024-12-23,6,85,93,11
5415,19,725,0,2024-12-23,6,86,91,10
5416,19,745,0,2024-12-23,6,85,89,8
5417,23,765,0,2024-12-23,6,85,74,8
5418,23,785,0,2024-12-23,6,86,100,8
5419,21,805,0,2024-12-23,6,86,91,8
5420,15,825,0,2024-12-23,6,86,91,8
5421,11,845,0,2024-12-23,6,88,64,8
5422,13,865,0,2024-12-23,6,88,64,8
5423,16,885,0,2024-12-23,6,90,47,7
5424,16,905,0,2024-12-23,6,89,9,8
5425,15,925,0,2024-12-23,5,89,57,16
5426,17,945,0,2024-12-23,5,89,23,16
5427,14,965,0,2024-12-23,5,89,23,16
5428,16,985,0,2024-12-23,4,91,23,16
5429,17,1005,0,2024-12-23,4,91,19,16
5430,16,1026,0,2024-12-23,4,90,23,16
5431,17,1045,0,2024-12-23,4,91,24,16
5432,14,1065,0,2024-12-23,5,91,24,16
5433,11,1085,0,2024-12-23,4,91,20,15
5434,11,1105,0,2024-12-23,5,90,9,16
5435,10,1125,0,2024-12-23,5,90,9,16
5436,14,1145,0,2024-12-23,5,89,11,15
5437,16,1165,0,2024-12-23,5,89,11,15
5438,15,1185,0,2024-12-23,5,90,11,15
5439,18,1205,0,2024-12-23,5,90,12,15
5440,14,1225,0,2024-12-23,5,90,12,15
5441,9,1245,0,2024-12-23,5,90,12,15
5442,0,305,1,2024-12-24,13,87,7,21
5443,0,325,1,2024-12-24,13,88,7,21
5444,0,345,1,2024-12-24,13,88,7,21
5445,0,365,1,2024-12-24,13,88,7,21
5446,0,385,1,2024-12-24,13,88,7,21
5447,0,405,1,2024-12-24,13,88,7,21
5448,0,425,1,2024-12-24,13,88,7,21
5449,0,445,1,2024-12-24,13,88,7,21
5450,0,465,1,2024-12-24,13,88,7,21
5451,3,485,1,2024-12-24,13,87,7,21
5452,7,505,1,2024-12-24,13,87,7,21
5453,9,525,1,2024-12-24,13,87,7,21
5454,12,546,1,2024-12-24,13,87,7,23
5455,14,565,1,2024-12-24,13,87,7,22
5456,14,585,1,2024-12-24,13,86,7,22
5457,13,605,1,2024-12-24,13,86,7,21
5458,19,625,1,2024-12-24,13,85,7,22
5459,20,645,1,2024-12-24,13,85,7,22
5460,19,665,1,2024-12-24,13,85,4,20
5461,22,685,1,2024-12-24,13,85,4,21
5462,20,705,1,2024-12-24,13,85,4,21
5463,22,725,1,2024-12-24,13,86,2,23
5464,22,745,1,2024-12-24,13,86,2,23
5465,27,765,1,2024-12-24,13,85,2,23
5466,27,785,1,2024-12-24,13,86,2,23
5467,25,805,1,2024-12-24,13,85,2,23
5468,26,825,1,2024-12-24,15,81,2,23
5469,27,845,1,2024-12-24,15,81,2,20
5470,24,865,1,2024-12-24,15,81,2,20
5471,24,885,1,2024-12-24,15,82,2,19
5472,33,905,1,2024-12-24,15,82,2,19
5473,28,925,1,2024-12-24,10,85,6,24
5474,27,945,1,2024-12-24,10,85,6,24
5475,0,965,1,2024-12-24,10,85,6,18
5476,0,985,1,2024-12-24,10,85,6,18
5477,0,1005,1,2024-12-24,10,85,6,18
5478,0,1025,1,2024-12-24,10,85,6,23
5479,0,1045,1,2024-12-24,10,85,6,23
5480,0,1065,1,2024-12-24,10,85,6,20
5481,0,1086,1,2024-12-24,10,85,6,20
5482,0,1125,1,2024-12-24,10,85,6,18
5483,0,1145,1,2024-12-24,10,85,6,18
5484,0,1165,1,2024-12-24,10,86,6,20
5485,0,1185,1,2024-12-24,10,86,6,20
5486,0,305,2,2024-12-25,13,80,6,19
5487,0,325,2,2024-12-25,13,81,6,19
5488,0,345,2,2024-12-25,13,81,6,19
5489,0,365,2,2024-12-25,12,83,6,23
5490,0,385,2,2024-12-25,12,82,6,23
5491,0,405,2,2024-12-25,12,83,6,23
5492,0,425,2,2024-12-25,12,83,6,22
5493,0,445,2,2024-12-25,12,83,6,21
5494,0,465,2,2024-12-25,12,83,6,21
5495,0,485,2,2024-12-25,12,83,6,23
5496,0,505,2,2024-12-25,12,83,6,22
5497,0,525,2,2024-12-25,12,83,6,22
5498,0,545,2,2024-12-25,12,83,6,21
5499,0,565,2,2024-12-25,12,83,6,20
5500,0,585,2,2024-12-25,12,82,6,20
5501,0,605,2,2024-12-25,12,82,6,19
5502,0,625,2,2024-12-25,12,83,6,19
5503,0,645,2,2024-12-25,12,83,6,19
5504,0,665,2,2024-12-25,12,81,4,18
5505,0,685,2,2024-12-25,12,81,4,18
5506,0,705,2,2024-12-25,12,81,2,19
5507,0,725,2,2024-12-25,12,80,2,23
5508,0,745,2,2024-12-25,12,81,2,18
5509,0,765,2,2024-12-25,13,81,2,18
5510,0,785,2,2024-12-25,13,82,2,21
5511,0,805,2,2024-12-25,13,82,2,21
5512,0,825,2,2024-12-25,13,81,2,20
5513,0,845,2,2024-12-25,13,81,2,20
5514,0,865,2,2024-12-25,11,85,2,17
5515,0,885,2,2024-12-25,11,85,2,17
5516,0,905,2,2024-12-25,10,85,24,18
5517,0,925,2,2024-12-25,10,85,24,18
5518,0,945,2,2024-12-25,10,85,35,18
5519,0,965,2,2024-12-25,10,85,35,15
5520,0,985,2,2024-12-25,10,85,35,15
5521,0,1005,2,2024-12-25,10,86,35,15
5522,0,1025,2,2024-12-25,10,86,35,15
5523,0,1045,2,2024-12-25,10,85,35,15
5524,0,1065,2,2024-12-25,10,85,35,15
5525,0,1086,2,2024-12-25,10,85,24,15
5526,0,1105,2,2024-12-25,10,85,24,13
5527,0,1125,2,2024-12-25,10,85,24,13
5528,0,1145,2,2024-12-25,10,86,24,14
5529,0,1165,2,2024-12-25,10,86,24,14
5530,0,1185,2,2024-12-25,10,85,35,14
5531,0,1205,2,2024-12-25,10,86,35,13
5532,0,1225,2,2024-12-25,10,86,35,13
5533,0,1245,2,2024-12-25,10,85,35,13
5534,0,305,3,2024-12-26,12,91,52,14
5535,0,325,3,2024-12-26,12,91,52,14
5536,0,345,3,2024-12-26,12,90,46,14
5537,0,365,3,2024-12-26,12,91,48,15
5538,0,385,3,2024-12-26,12,91,48,15
5539,0,405,3,2024-12-26,12,91,44,16
5540,0,425,3,2024-12-26,12,90,44,16
5541,0,445,3,2024-12-26,12,91,62,14
5542,0,465,3,2024-12-26,12,91,62,14
5543,0,485,3,2024-12-26,12,89,72,7
5544,0,505,3,2024-12-26,12,89,68,7
5545,0,525,3,2024-12-26,12,90,55,7
5546,0,545,3,2024-12-26,11,91,54,11
5547,0,565,3,2024-12-26,12,91,55,10
5548,0,585,3,2024-12-26,12,91,60,10
5549,0,605,3,2024-12-26,12,91,60,10
5550,0,625,3,2024-12-26,12,91,47,11
5551,0,645,3,2024-12-26,12,91,73,11
5552,0,665,3,2024-12-26,12,91,53,9
5553,0,685,3,2024-12-26,11,91,70,6
5554,0,705,3,2024-12-26,12,91,90,6
5555,0,725,3,2024-12-26,11,93,82,7
5556,0,745,3,2024-12-26,11,93,81,7
5557,0,765,3,2024-12-26,11,93,81,7
5558,0,785,3,2024-12-26,12,91,80,7
5559,0,805,3,2024-12-26,11,91,90,6
5560,0,825,3,2024-12-26,11,91,90,6
5561,0,845,3,2024-12-26,10,91,90,4
5562,0,865,3,2024-12-26,10,91,91,4
5563,0,885,3,2024-12-26,10,90,50,4
5564,0,905,3,2024-12-26,11,91,77,4
5565,0,925,3,2024-12-26,8,94,74,8
5566,0,945,3,2024-12-26,8,94,91,8
5567,0,965,3,2024-12-26,8,94,30,8
5568,0,986,3,2024-12-26,8,94,30,8
5569,0,1005,3,2024-12-26,8,94,15,8
5570,0,1025,3,2024-12-26,8,94,15,8
5571,0,1045,3,2024-12-26,8,95,24,8
5572,0,1065,3,2024-12-26,7,94,74,8
5573,0,1085,3,2024-12-26,7,94,53,8
5574,0,1105,3,2024-12-26,7,95,15,8
5575,0,1125,3,2024-12-26,8,94,74,8
5576,0,1145,3,2024-12-26,8,94,22,8
5577,0,1165,3,2024-12-26,8,93,15,8
5578,0,1185,3,2024-12-26,8,93,15,8
5579,0,1205,3,2024-12-26,8,93,15,8
5580,0,1225,3,2024-12-26,8,93,15,8
5581,0,1245,3,2024-12-26,8,93,15,8
5582,0,305,4,2024-12-27,10,91,15,11
5583,0,325,4,2024-12-27,10,90,15,11
5584,0,345,4,2024-12-27,10,90,15,11
5585,0,365,4,2024-12-27,10,90,15,11
5586,0,385,4,2024-12-27,10,90,15,11
5587,0,405,4,2024-12-27,10,90,15,11
5588,0,425,4,2024-12-27,10,90,15,14
5589,0,445,4,2024-12-27,10,90,15,11
5590,0,465,4,2024-12-27,10,90,15,11
5591,0,485,4,2024-12-27,10,89,15,11
5592,0,505,4,2024-12-27,10,89,15,12
5593,0,525,4,2024-12-27,10,89,15,11
5594,0,545,4,2024-12-27,10,89,15,11
5595,0,565,4,2024-12-27,10,90,15,10
5596,0,585,4,2024-12-27,10,89,15,11
5597,0,605,4,2024-12-27,10,88,8,10
5598,0,625,4,2024-12-27,10,88,8,10
5599,0,645,4,2024-12-27,10,88,8,10
5600,0,665,4,2024-12-27,10,90,7,14
5601,0,685,4,2024-12-27,10,89,7,13
5602,0,705,4,2024-12-27,10,89,3,13
5603,0,725,4,2024-12-27,10,90,4,13
5604,0,745,4,2024-12-27,10,88,3,9
5605,0,765,4,2024-12-27,10,88,3,9
5606,0,785,4,2024-12-27,10,88,3,9
5607,0,805,4,2024-12-27,10,90,3,12
5608,0,825,4,2024-12-27,10,90,3,12
5609,0,845,4,2024-12-27,10,90,3,12
5610,0,865,4,2024-12-27,10,88,3,10
5611,0,885,4,2024-12-27,10,88,3,10
5612,0,906,4,2024-12-27,11,89,3,9
5613,0,925,4,2024-12-27,8,90,8,11
5614,0,945,4,2024-12-27,8,90,8,11
5615,0,965,4,2024-12-27,8,90,8,11
5616,0,986,4,2024-12-27,8,90,8,11
5617,0,1005,4,2024-12-27,8,90,8,11
5618,0,1025,4,2024-12-27,8,90,8,11
5619,0,1045,4,2024-12-27,8,90,8,11
5620,0,1065,4,2024-12-27,8,90,8,11
5621,0,1085,4,2024-12-27,8,90,8,12
5622,0,1106,4,2024-12-27,8,91,8,12
5623,0,1125,4,2024-12-27,8,91,8,12
5624,0,1145,4,2024-12-27,8,91,8,12
5625,0,1165,4,2024-12-27,8,91,8,11
5626,0,1185,4,2024-12-27,8,91,8,11
5627,0,1205,4,2024-12-27,8,91,8,11
5628,0,1225,4,2024-12-27,8,91,8,11
5629,0,1245,4,2024-12-27,8,91,8,11
5630,0,305,5,2024-12-28,10,87,9,15
5631,3,325,5,2024-12-28,10,87,9,15
5632,3,345,5,2024-12-28,10,87,9,15
5633,3,366,5,2024-12-28,10,87,9,15
5634,3,385,5,2024-12-28,10,87,9,15
5635,3,405,5,2024-12-28,10,87,7,15
5636,3,425,5,2024-12-28,10,86,7,16
5637,3,445,5,2024-12-28,10,86,7,16
5638,3,465,5,2024-12-28,10,87,7,15
5639,0,485,5,2024-12-28,10,86,6,16
5640,5,505,5,2024-12-28,10,86,6,16
5641,6,525,5,2024-12-28,10,86,6,16
5642,12,545,5,2024-12-28,10,86,6,17
5643,15,565,5,2024-12-28,10,86,7,16
5644,11,585,5,2024-12-28,10,86,8,16
5645,8,605,5,2024-12-28,10,86,8,16
5646,15,625,5,2024-12-28,10,85,8,18
5647,21,645,5,2024-12-28,10,85,8,18
5648,25,665,5,2024-12-28,11,86,7,22
5649,19,685,5,2024-12-28,11,85,6,20
5650,10,705,5,2024-12-28,11,86,6,21
5651,9,725,5,2024-12-28,11,85,5,20
5652,5,745,5,2024-12-28,10,86,5,15
5653,9,765,5,2024-12-28,10,86,4,15
5654,8,785,5,2024-12-28,10,86,3,15
5655,6,805,5,2024-12-28,11,86,9,14
5656,6,825,5,2024-12-28,11,86,9,14
5657,10,845,5,2024-12-28,11,86,9,14
5658,15,865,5,2024-12-28,11,87,43,16
5659,18,885,5,2024-12-28,11,87,11,16
5660,25,905,5,2024-12-28,11,87,3,16
5661,28,925,5,2024-12-28,7,83,9,21
5662,23,945,5,2024-12-28,7,83,9,21
5663,0,965,5,2024-12-28,7,83,9,21
5664,0,985,5,2024-12-28,7,83,9,21
5665,0,1005,5,2024-12-28,7,83,9,21
5666,0,1025,5,2024-12-28,7,84,9,21
5667,0,1045,5,2024-12-28,7,84,11,21
5668,0,1065,5,2024-12-28,7,84,11,21
5669,0,1085,5,2024-12-28,7,83,11,21
5670,0,1105,5,2024-12-28,7,83,11,21
5671,0,1125,5,2024-12-28,7,83,11,21
5672,0,1145,5,2024-12-28,7,82,10,21
5673,0,1165,5,2024-12-28,7,83,10,21
5674,0,1185,5,2024-12-28,7,82,10,21
5675,0,1205,5,2024-12-28,7,82,10,21
5676,0,1225,5,2024-12-28,6,82,10,21
5677,0,1245,5,2024-12-28,6,82,10,21
5678,0,305,6,2024-12-29,11,80,6,26
5679,0,325,6,2024-12-29,11,80,6,26
5680,1,345,6,2024-12-29,11,80,6,26
5681,1,365,6,2024-12-29,11,80,6,26
5682,0,385,6,2024-12-29,11,81,6,26
5683,0,405,6,2024-12-29,11,81,6,26
5684,0,425,6,2024-12-29,11,81,6,26
5685,0,445,6,2024-12-29,11,81,6,27
5686,0,465,6,2024-12-29,11,81,6,26
5687,1,485,6,2024-12-29,11,79,6,26
5688,5,505,6,2024-12-29,11,79,6,26
5689,10,525,6,2024-12-29,11,79,6,26
5690,15,545,6,2024-12-29,11,80,6,28
5691,15,565,6,2024-12-29,11,80,6,27
5692,17,585,6,2024-12-29,11,80,6,28
5693,10,605,6,2024-12-29,11,79,12,28
5694,11,625,6,2024-12-29,11,79,6,28
5695,11,645,6,2024-12-29,11,79,6,28
5696,12,665,6,2024-12-29,11,79,6,28
5697,12,685,6,2024-12-29,11,77,4,27
5698,14,705,6,2024-12-29,11,77,3,28
5699,15,725,6,2024-12-29,11,77,3,28
5700,11,745,6,2024-12-29,12,76,2,28
5701,12,765,6,2024-12-29,12,76,2,28
5702,19,785,6,2024-12-29,12,76,2,29
5703,21,805,6,2024-12-29,12,74,2,33
5704,21,825,6,2024-12-29,12,74,2,33
5705,19,845,6,2024-12-29,10,76,2,33
5706,21,865,6,2024-12-29,10,76,2,33
5707,19,885,6,2024-12-29,10,76,2,32
5708,25,905,6,2024-12-29,10,76,2,32
5709,23,925,6,2024-12-29,9,80,61,30
5710,15,945,6,2024-12-29,9,80,61,29
5711,0,965,6,2024-12-29,9,80,61,34
5712,0,985,6,2024-12-29,9,80,62,34
5713,0,1005,6,2024-12-29,9,80,63,32
5714,0,1025,6,2024-12-29,9,80,61,29
5715,0,1045,6,2024-12-29,9,80,61,29
5716,0,1065,6,2024-12-29,9,80,62,28
5717,0,1085,6,2024-12-29,9,81,62,31
5718,0,1105,6,2024-12-29,9,81,62,31
5719,0,1125,6,2024-12-29,9,81,65,31
5720,0,1145,6,2024-12-29,9,81,65,28
5721,0,1165,6,2024-12-29,9,81,65,28
5722,0,1185,6,2024-12-29,9,82,57,29
5723,0,1205,6,2024-12-29,9,82,57,29
5724,0,1225,6,2024-12-29,9,82,57,28
5725,0,1245,6,2024-12-29,9,83,61,29
5726,0,305,0,2024-12-30,12,83,89,30
5727,0,325,0,2024-12-30,12,84,88,30
5728,0,345,0,2024-12-30,12,84,89,30
5729,0,365,0,2024-12-30,12,83,85,31
5730,0,385,0,2024-12-30,12,83,85,31
5731,0,405,0,2024-12-30,12,84,82,30
5732,0,426,0,2024-12-30,12,84,82,30
5733,0,445,0,2024-12-30,12,84,82,31
5734,0,465,0,2024-12-30,12,84,82,32
5735,4,485,0,2024-12-30,12,84,82,32
5736,12,506,0,2024-12-30,12,86,84,31
5737,13,525,0,2024-12-30,12,86,84,31
5738,14,545,0,2024-12-30,12,85,91,31
5739,16,565,0,2024-12-30,12,84,84,33
5740,20,585,0,2024-12-30,12,84,84,33
5741,23,605,0,2024-12-30,11,84,92,35
5742,20,625,0,2024-12-30,12,84,85,35
5743,24,645,0,2024-12-30,11,84,84,34
5744,22,665,0,2024-12-30,11,84,84,33
5745,23,685,0,2024-12-30,12,84,87,32
5746,26,705,0,2024-12-30,12,84,88,30
5747,23,725,0,2024-12-30,12,84,85,29
5748,20,745,0,2024-12-30,11,84,78,28
5749,23,765,0,2024-12-30,11,84,78,28
5750,29,785,0,2024-12-30,11,85,75,26
5751,33,805,0,2024-12-30,12,88,65,17
5752,36,825,0,2024-12-30,12,88,65,16
5753,39,845,0,2024-12-30,12,89,51,15
5754,40,865,0,2024-12-30,12,89,51,15
5755,40,885,0,2024-12-30,11,89,40,11
5756,41,905,0,2024-12-30,11,89,40,11
5757,36,925,0,2024-12-30,5,88,100,22
5758,27,945,0,2024-12-30,5,89,100,22
5759,0,965,0,2024-12-30,5,90,100,23
5760,0,985,0,2024-12-30,5,90,100,22
5761,0,1005,0,2024-12-30,5,90,100,22
5762,0,1025,0,2024-12-30,4,91,100,22
5763,0,1046,0,2024-12-30,4,92,100,23
5764,0,1065,0,2024-12-30,4,92,100,23
5765,0,1085,0,2024-12-30,4,92,100,22
5766,0,1106,0,2024-12-30,4,92,100,22
5767,0,1125,0,2024-12-30,4,92,100,23
5768,0,1145,0,2024-12-30,4,91,100,23
5769,0,1165,0,2024-12-30,4,90,100,23
5770,0,1185,0,2024-12-30,4,90,100,23
5771,0,1205,0,2024-12-30,4,91,100,23
5772,0,1225,0,2024-12-30,4,91,100,23
5773,0,1245,0,2024-12-30,4,92,100,23
5774,1,305,1,2024-12-31,11,83,100,25
5775,0,325,1,2024-12-31,11,85,100,27
5776,0,345,1,2024-12-31,11,85,100,27
5777,0,365,1,2024-12-31,11,84,100,25
5778,1,385,1,2024-12-31,11,84,100,25
5779,1,405,1,2024-12-31,11,83,100,25
5780,1,425,1,2024-12-31,11,83,100,26
5781,1,445,1,2024-12-31,11,82,100,27
5782,1,465,1,2024-12-31,11,82,100,27
5783,2,485,1,2024-12-31,11,83,94,31
5784,7,505,1,2024-12-31,11,83,100,29
5785,7,525,1,2024-12-31,11,82,95,30
5786,14,545,1,2024-12-31,11,83,100,29
5787,18,565,1,2024-12-31,11,82,63,34
5788,21,585,1,2024-12-31,11,82,52,32
5789,23,605,1,2024-12-31,11,82,52,32
5790,20,625,1,2024-12-31,11,81,100,28
5791,15,645,1,2024-12-31,11,81,100,28
5792,15,665,1,2024-12-31,11,83,91,23
5793,17,685,1,2024-12-31,11,83,91,23
5794,19,705,1,2024-12-31,11,83,85,23
5795,26,725,1,2024-12-31,11,83,69,23
5796,29,745,1,2024-12-31,11,83,43,23
5797,25,765,1,2024-12-31,11,81,17,23
5798,24,785,1,2024-12-31,11,81,20,22
5799,25,805,1,2024-12-31,12,78,19,27
5800,28,825,1,2024-12-31,12,78,19,27
5801,25,845,1,2024-12-31,12,77,47,24
5802,19,865,1,2024-12-31,12,77,47,24
5803,19,885,1,2024-12-31,12,77,24,24
5804,25,905,1,2024-12-31,12,77,24,24
5805,25,925,1,2024-12-31,3,80,83,24
5806,14,945,1,2024-12-31,3,79,58,25
5807,0,965,1,2024-12-31,3,79,58,25
5808,0,986,1,2024-12-31,4,78,58,27
5809,0,1005,1,2024-12-31,4,79,61,26
5810,0,1025,1,2024-12-31,3,79,58,25
5811,0,1045,1,2024-12-31,4,80,64,30
5812,0,1065,1,2024-12-31,3,80,66,29
5813,0,1085,1,2024-12-31,4,80,64,29
5814,0,1105,1,2024-12-31,4,79,64,28
5815,0,1125,1,2024-12-31,4,79,64,28
5816,0,1145,1,2024-12-31,3,80,70,27
5817,0,1165,1,2024-12-31,4,80,76,27
5818,0,1185,1,2024-12-31,4,80,78,27
5819,0,1205,1,2024-12-31,4,80,78,27
5820,0,1225,1,2024-12-31,4,79,78,31
5821,0,1245,1,2024-12-31,4,80,78,30
5822,0,325,2,2025-01-01,8,81,72,21
5823,0,345,2,2025-01-01,8,81,72,21
5824,0,365,2,2025-01-01,7,82,81,20
5825,0,385,2,2025-01-01,7,82,81,20
5826,0,405,2,2025-01-01,6,81,96,20
5827,0,425,2,2025-01-01,6,81,89,19
5828,0,445,2,2025-01-01,6,80,100,18
5829,0,465,2,2025-01-01,6,80,100,18
5830,0,485,2,2025-01-01,4,80,98,19
5831,0,505,2,2025-01-01,6,80,100,15
5832,0,525,2,2025-01-01,6,80,100,15
5833,0,545,2,2025-01-01,5,80,100,19
5834,0,565,2,2025-01-01,5,80,100,19
5835,0,585,2,2025-01-01,4,79,100,18
5836,0,605,2,2025-01-01,4,79,100,18
5837,0,625,2,2025-01-01,3,79,100,18
5838,0,645,2,2025-01-01,3,78,100,17
5839,0,665,2,2025-01-01,5,79,98,16
5840,0,685,2,2025-01-01,5,79,98,16
5841,0,705,2,2025-01-01,4,74,96,11
5842,0,725,2,2025-01-01,4,73,93,11
5843,0,745,2,2025-01-01,4,72,96,12
5844,0,765,2,2025-01-01,4,72,96,12
5845,0,785,2,2025-01-01,4,71,90,13
5846,0,805,2,2025-01-01,5,75,64,10
5847,0,825,2,2025-01-01,4,71,45,10
5848,0,845,2,2025-01-01,5,75,58,12
5849,0,865,2,2025-01-01,5,75,58,12
5850,0,885,2,2025-01-01,5,75,52,10
5851,0,905,2,2025-01-01,-1,75,61,10
5852,0,925,2,2025-01-01,-1,75,66,10
5853,0,945,2,2025-01-01,-2,75,70,10
5854,0,965,2,2025-01-01,-2,75,70,10
5855,0,985,2,2025-01-01,-2,75,60,10
5856,0,1005,2,2025-01-01,-2,75,41,10
5857,0,1025,2,2025-01-01,-2,75,49,10
5858,0,305,3,2025-01-02,2,70,8,11
5859,0,325,3,2025-01-02,2,70,9,11
5860,0,345,3,2025-01-02,2,70,9,11
5861,0,365,3,2025-01-02,2,75,39,11
5862,0,385,3,2025-01-02,2,75,39,11
5863,0,405,3,2025-01-02,2,75,35,11
5864,0,425,3,2025-01-02,2,75,50,11
5865,0,445,3,2025-01-02,2,75,44,11
5866,0,465,3,2025-01-02,2,75,44,11
5867,0,485,3,2025-01-02,2,75,51,11
5868,0,505,3,2025-01-02,2,75,51,11
5869,0,525,3,2025-01-02,2,75,49,12
5870,0,545,3,2025-01-02,3,75,65,11
5871,0,565,3,2025-01-02,3,75,65,11
5872,0,585,3,2025-01-02,2,75,72,11
5873,0,605,3,2025-01-02,3,75,61,12
5874,0,625,3,2025-01-02,3,75,40,11
5875,0,645,3,2025-01-02,3,75,69,11
5876,0,665,3,2025-01-02,2,75,39,11
5877,0,725,3,2025-01-02,3,75,52,11
5878,0,845,3,2025-01-02,4,68,1,9
5879,0,865,3,2025-01-02,4,68,1,9
5880,0,885,3,2025-01-02,3,69,1,9
5881,0,905,3,2025-01-02,-1,74,24,18
5882,0,925,3,2025-01-02,-2,75,41,18
5883,0,945,3,2025-01-02,-2,75,58,18
5884,0,965,3,2025-01-02,-2,74,24,18
5885,0,985,3,2025-01-02,-2,74,30,17
5886,0,1006,3,2025-01-02,-2,74,24,18
5887,0,1025,3,2025-01-02,-2,75,24,18
5888,0,1045,3,2025-01-02,-1,75,24,18
5889,0,1065,3,2025-01-02,-1,75,24,18
5890,0,1085,3,2025-01-02,-1,75,24,18
5891,0,1105,3,2025-01-02,-1,75,36,18
5892,0,1125,3,2025-01-02,-1,75,36,18
5893,0,1145,3,2025-01-02,-1,75,54,17
5894,0,1165,3,2025-01-02,-2,76,42,18
5895,0,1185,3,2025-01-02,-2,76,48,18
5896,0,1205,3,2025-01-02,-2,77,24,18
5897,0,1225,3,2025-01-02,-2,77,24,18
5898,0,1245,3,2025-01-02,-2,77,24,18
5899,0,305,4,2025-01-03,3,75,51,11
5900,0,325,4,2025-01-03,3,75,51,11
5901,0,345,4,2025-01-03,3,75,74,10
5902,0,365,4,2025-01-03,3,75,74,8
5903,0,385,4,2025-01-03,3,75,74,8
5904,0,405,4,2025-01-03,3,75,63,8
5905,0,425,4,2025-01-03,3,76,11,9
5906,0,445,4,2025-01-03,3,76,11,9
5907,0,465,4,2025-01-03,3,75,34,9
5908,0,485,4,2025-01-03,3,75,67,9
5909,0,505,4,2025-01-03,3,75,67,9
5910,0,525,4,2025-01-03,3,75,65,9
5911,0,545,4,2025-01-03,3,75,65,9
5912,0,565,4,2025-01-03,3,75,80,9
5913,0,585,4,2025-01-03,3,75,49,8
5914,0,605,4,2025-01-03,3,75,30,8
5915,0,625,4,2025-01-03,3,75,43,9
5916,0,645,4,2025-01-03,3,79,24,8
5917,0,665,4,2025-01-03,3,75,74,8
5918,0,685,4,2025-01-03,3,75,49,6
5919,0,705,4,2025-01-03,3,75,49,6
5920,0,725,4,2025-01-03,3,78,14,7
5921,0,745,4,2025-01-03,3,75,37,6
5922,0,765,4,2025-01-03,3,79,2,7
5923,0,785,4,2025-01-03,3,79,2,8
5924,0,805,4,2025-01-03,3,79,2,8
5925,0,825,4,2025-01-03,4,78,2,6
5926,0,845,4,2025-01-03,4,79,2,7
5927,0,865,4,2025-01-03,4,79,2,6
5928,0,885,4,2025-01-03,4,80,2,6
5929,0,905,4,2025-01-03,3,81,2,5
5930,0,925,4,2025-01-03,3,81,2,5
5931,0,946,4,2025-01-03,-2,87,23,7
5932,0,965,4,2025-01-03,-2,75,49,7
5933,0,986,4,2025-01-03,-2,75,32,7
5934,0,1005,4,2025-01-03,-2,75,34,7
5935,0,1026,4,2025-01-03,-2,88,23,7
5936,0,1046,4,2025-01-03,-2,88,23,7
5937,0,1065,4,2025-01-03,-3,91,22,7
5938,0,1085,4,2025-01-03,-3,90,20,7
5939,0,1105,4,2025-01-03,-3,91,21,7
5940,0,1125,4,2025-01-03,-2,75,30,7
5941,0,1145,4,2025-01-03,-2,75,39,7
5942,0,1165,4,2025-01-03,-3,75,35,7
5943,0,1185,4,2025-01-03,-2,75,43,6
5944,0,1205,4,2025-01-03,-2,75,38,7
5945,0,1225,4,2025-01-03,-3,75,35,7
5946,0,1245,4,2025-01-03,-3,75,36,7
5947,0,305,5,2025-01-04,3,75,46,10
5948,0,325,5,2025-01-04,4,91,41,9
5949,0,345,5,2025-01-04,4,91,57,9
5950,0,365,5,2025-01-04,4,91,51,9
5951,0,385,5,2025-01-04,3,91,9,9
5952,0,405,5,2025-01-04,4,90,11,9
5953,0,425,5,2025-01-04,4,90,9,10
5954,0,445,5,2025-01-04,4,90,9,10
5955,0,465,5,2025-01-04,4,90,9,9
5956,1,486,5,2025-01-04,4,90,9,10
5957,5,505,5,2025-01-04,4,90,9,9
5958,12,525,5,2025-01-04,4,90,9,10
5959,16,545,5,2025-01-04,4,90,9,11
5960,22,565,5,2025-01-04,4,90,9,11
5961,19,585,5,2025-01-04,4,90,9,10
5962,24,605,5,2025-01-04,4,89,9,10
5963,20,625,5,2025-01-04,4,89,9,10
5964,27,645,5,2025-01-04,4,91,9,10
5965,28,665,5,2025-01-04,4,90,6,10
5966,26,685,5,2025-01-04,4,90,6,10
5967,21,705,5,2025-01-04,4,89,4,10
5968,22,725,5,2025-01-04,4,89,4,10
5969,23,745,5,2025-01-04,4,88,4,10
5970,20,765,5,2025-01-04,4,88,3,10
5971,17,785,5,2025-01-04,4,87,3,8
5972,15,805,5,2025-01-04,4,87,3,8
5973,19,825,5,2025-01-04,4,88,3,7
5974,19,845,5,2025-01-04,4,88,3,7
5975,19,865,5,2025-01-04,3,89,3,5
5976,15,885,5,2025-01-04,3,89,3,6
5977,13,906,5,2025-01-04,3,88,3,6
5978,14,925,5,2025-01-04,-1,94,11,6
5979,13,945,5,2025-01-04,-1,94,11,6
5980,11,965,5,2025-01-04,-1,93,11,8
5981,15,985,5,2025-01-04,-1,93,11,8
5982,14,1005,5,2025-01-04,-1,94,11,6
5983,13,1025,5,2025-01-04,-1,93,11,7
5984,13,1045,5,2025-01-04,-1,94,11,5
5985,15,1065,5,2025-01-04,-1,95,11,5
5986,15,1085,5,2025-01-04,-1,95,11,5
5987,13,1105,5,2025-01-04,-1,94,11,5
5988,11,1125,5,2025-01-04,-1,94,11,5
5989,10,1145,5,2025-01-04,-1,94,11,6
5990,8,1165,5,2025-01-04,-1,94,11,6
5991,6,1185,5,2025-01-04,-1,95,12,5
5992,8,1205,5,2025-01-04,-1,95,12,5
5993,9,1225,5,2025-01-04,-1,96,12,3
5994,5,1245,5,2025-01-04,-1,96,12,3
5995,0,305,6,2025-01-05,4,91,83,12
5996,1,325,6,2025-01-05,4,91,84,13
5997,0,345,6,2025-01-05,4,91,86,12
5998,0,365,6,2025-01-05,4,91,86,12
5999,0,385,6,2025-01-05,4,91,86,12
6000,0,406,6,2025-01-05,4,91,86,12
6001,0,425,6,2025-01-05,3,90,89,11
6002,0,445,6,2025-01-05,3,90,89,11
6003,0,465,6,2025-01-05,4,90,88,12
6004,0,485,6,2025-01-05,4,90,88,12
6005,3,505,6,2025-01-05,4,91,88,12
6006,3,525,6,2025-01-05,4,90,89,12
6007,8,545,6,2025-01-05,4,90,92,12
6008,8,565,6,2025-01-05,4,91,86,12
6009,13,585,6,2025-01-05,4,91,86,12
6010,12,605,6,2025-01-05,4,90,86,12
6011,15,625,6,2025-01-05,4,90,86,12
6012,15,645,6,2025-01-05,4,89,88,12
6013,18,665,6,2025-01-05,4,89,91,12
6014,24,685,6,2025-01-05,4,89,91,12
6015,19,705,6,2025-01-05,4,88,89,13
6016,14,725,6,2025-01-05,3,90,91,13
6017,16,745,6,2025-01-05,3,90,91,13
6018,17,765,6,2025-01-05,3,89,79,12
6019,16,785,6,2025-01-05,3,90,85,12
6020,15,805,6,2025-01-05,3,91,79,12
6021,8,825,6,2025-01-05,3,92,80,13
6022,5,845,6,2025-01-05,3,91,79,13
6023,10,865,6,2025-01-05,3,92,90,12
6024,9,885,6,2025-01-05,3,92,90,12
6025,11,905,6,2025-01-05,1,92,93,16
6026,8,925,6,2025-01-05,1,92,93,16
6027,15,945,6,2025-01-05,1,93,89,16
6028,14,965,6,2025-01-05,1,93,89,16
6029,14,985,6,2025-01-05,1,93,88,16
6030,8,1005,6,2025-01-05,1,93,88,16
6031,3,1025,6,2025-01-05,1,92,90,16
6032,4,1046,6,2025-01-05,1,93,95,16
6033,8,1065,6,2025-01-05,1,93,100,16
6034,7,1085,6,2025-01-05,1,93,100,16
6035,7,1105,6,2025-01-05,1,92,99,16
6036,5,1125,6,2025-01-05,1,92,99,16
6037,9,1145,6,2025-01-05,1,92,99,16
6038,8,1165,6,2025-01-05,1,92,100,16
